0,1,2,3,4,5,6,7,8,9,10,11,12,13,14,15,16,17,18,19,20,21,22,23,24,25,26,27,28,29,30,31,32,33,34,35,36,37,38,39,40,41,42,43,44,45,46,47,48,49,50,51,52,53,54,55,56,57,58,59,60,61,62,63,64,65,66,67,68,69,70,71,72,73,74,75,76,77,78,79,80,81,82,83,84,85,86,87,88,89,90,91,92,93,94,95,96,97,98,99,100,Group,Speed
0.1167945,0.20407175,0.26930925,0.32798,0.43440125,0.5608355,0.67810325,0.77476425,0.8579355,0.94094925,1.02735775,1.10351525,1.16222525,1.20797975,1.24371275,1.26782675,1.28179925,1.28355275,1.27251425,1.24985525,1.2149475,1.16755025,1.110067,1.046346,0.97893225,0.907697,0.8341985,0.7604665,0.68666425,0.61333425,0.5420195,0.474957,0.4121975,0.352688,0.296476,0.24516025,0.19888225,0.1560035,0.11538725,0.0772815,0.04298875,0.0145515,-0.0084145,-0.02897575,-0.04727075,-0.062434,-0.074925,-0.08517925,-0.09287525,-0.09876625,-0.1042985,-0.10942975,-0.113494,-0.117428,-0.12221075,-0.12690475,-0.131216,-0.13584275,-0.1402465,-0.1438235,-0.146748,-0.1490945,-0.151145,-0.15340075,-0.1560905,-0.15851125,-0.16058,-0.16303925,-0.16586025,-0.16832875,-0.17052325,-0.17330225,-0.17580375,-0.177197,-0.178645,-0.1803405,-0.18122525,-0.1812085,-0.18043825,-0.1789535,-0.17646825,-0.17337975,-0.17050225,-0.1672475,-0.163627,-0.15978525,-0.1550705,-0.1505595,-0.14683625,-0.143814,-0.14159525,-0.141638,-0.14781425,-0.16150875,-0.181997,-0.20933075,-0.2442045,-0.275949,-0.29791525,-0.3547205,-0.352662,1,1.267
-0.088831667,-0.134063667,-0.156448778,-0.160381889,-0.139084556,-0.090648556,-0.019957,0.058679444,0.125175889,0.180891333,0.235976444,0.294040889,0.347483889,0.393362667,0.431038222,0.462693222,0.489361333,0.508797889,0.517781556,0.515454889,0.504025667,0.486459222,0.461918556,0.430657111,0.395811778,0.358214,0.319073444,0.279652889,0.240255333,0.201677778,0.164609778,0.128719111,0.094530333,0.062206333,0.031445889,0.002079222,-0.025022444,-0.049762889,-0.072658333,-0.093098667,-0.112041667,-0.130273556,-0.147270889,-0.163304667,-0.178984222,-0.193957111,-0.208109556,-0.221395111,-0.233438444,-0.244395556,-0.254173778,-0.263139111,-0.271657556,-0.279566111,-0.286451111,-0.292115222,-0.296267444,-0.298892444,-0.301481222,-0.303967667,-0.304772,-0.304698,-0.304718111,-0.303806333,-0.302755556,-0.301309667,-0.299732,-0.298377778,-0.296979556,-0.295597111,-0.293447222,-0.291123889,-0.289586222,-0.28789,-0.285829556,-0.283651333,-0.281069111,-0.278735444,-0.276109556,-0.272582778,-0.268655667,-0.264393,-0.258869333,-0.252541333,-0.245812222,-0.238296222,-0.230363778,-0.222511667,-0.215214333,-0.208333333,-0.203747778,-0.203109222,-0.207805111,-0.219820222,-0.239218111,-0.265787111,-0.300152889,-0.334624444,-0.353177667,-0.397270222,-0.387521333,1,1.315
-0.235711625,-0.257309625,-0.22999875,-0.183941625,-0.11624075,-0.036430375,0.052943625,0.158503125,0.2756465,0.393956125,0.50452225,0.602176375,0.684172625,0.7516815,0.805807125,0.848423625,0.882637,0.911575875,0.936512125,0.956014125,0.967259625,0.968801125,0.961206375,0.945239875,0.921249625,0.88984225,0.85148975,0.8072315,0.757976625,0.705007125,0.649630875,0.59262275,0.534873625,0.477410625,0.421043,0.3660065,0.313917,0.265606,0.22059375,0.1799475,0.1445165,0.113808125,0.087683875,0.066138625,0.048568125,0.034501125,0.0228925,0.013452,0.0070365,0.00338875,0.002169125,0.00337025,0.007492875,0.015798125,0.027864125,0.042655125,0.059835125,0.07876325,0.098656,0.118899625,0.139413125,0.160020875,0.179926,0.198431,0.2170135,0.237128875,0.259387,0.284110875,0.310752,0.338241875,0.36643475,0.395035125,0.42161,0.443386,0.458872375,0.4673315,0.468372875,0.460785,0.445108875,0.42289325,0.39588525,0.36628675,0.335373375,0.304554875,0.275258,0.247516125,0.22035075,0.1917085,0.160221,0.125509375,0.0863855,0.043231375,-0.0016065,-0.046726625,-0.09077225,-0.13244575,-0.168208625,-0.19331475,-0.20602,-0.216065625,-0.20175275,1,1.484
-0.382535857,-0.315002857,-0.202300286,-0.198574143,-0.208609,-0.127090143,8.91E-05,0.135623857,0.270298,0.389841429,0.493341,0.599623714,0.708033,0.786537857,0.859373,0.928494,0.981717286,1.019278714,1.042778,1.052428143,1.046402429,1.024533714,0.988849286,0.941646,0.886071,0.824194571,0.758997571,0.692119,0.625330857,0.560248286,0.497185857,0.439085571,0.385245286,0.334180857,0.286027429,0.241313571,0.200728857,0.165027286,0.134455571,0.109018571,0.086969286,0.067485,0.051250857,0.037609,0.027555857,0.021319429,0.017737,0.016817429,0.017880143,0.020834286,0.026634,0.036434714,0.048343571,0.062220857,0.079972143,0.100327143,0.122971429,0.148414857,0.175653571,0.205039857,0.236505143,0.268713857,0.303062714,0.340506429,0.379719714,0.421935857,0.467391429,0.514903857,0.564808571,0.615560571,0.665003571,0.710837571,0.750757143,0.783307857,0.806591286,0.819541714,0.822761143,0.814441429,0.795879143,0.769996571,0.737234286,0.698851571,0.657290571,0.615197143,0.573289714,0.531312857,0.488925143,0.443163714,0.390393143,0.328291571,0.258439286,0.183903143,0.104172857,0.024571286,-0.047599714,-0.113024429,-0.170395857,-0.214574,-0.243717857,-0.272096857,-0.269953714,1,1.441
-0.211840778,-0.224190778,-0.162170889,-0.075621556,0.027891667,0.139621222,0.264616222,0.414829111,0.565820222,0.689593222,0.786117111,0.869775222,0.946284,1.013186222,1.070623889,1.116699778,1.148257444,1.168546222,1.179615,1.178967667,1.164812333,1.135643333,1.090517667,1.030541778,0.958186556,0.876907444,0.791523556,0.706607111,0.625061778,0.548303222,0.477385444,0.412611222,0.353121889,0.298427889,0.248542333,0.202533444,0.158978444,0.118505778,0.081783556,0.048036889,0.017726,-0.008402111,-0.030627111,-0.049083778,-0.064478556,-0.077827333,-0.089334889,-0.099336778,-0.108306778,-0.116642444,-0.124688222,-0.132298222,-0.139870778,-0.147464556,-0.154607667,-0.161493556,-0.168094222,-0.174062111,-0.179505444,-0.184073667,-0.187035222,-0.188394667,-0.187624778,-0.184523222,-0.179790556,-0.173565222,-0.166203444,-0.158477889,-0.151289333,-0.145290556,-0.141384333,-0.139919889,-0.140896333,-0.144522667,-0.150281778,-0.158276111,-0.168015889,-0.177269778,-0.185037,-0.190725778,-0.192827,-0.190054556,-0.181793333,-0.168595556,-0.151587222,-0.132148556,-0.112571556,-0.095772889,-0.085194,-0.084102222,-0.096040889,-0.120643222,-0.156130667,-0.202737444,-0.257456333,-0.316529111,-0.376508444,-0.421663889,-0.446554667,-0.507204556,-0.501329667,1,1.469
-0.3221062,-0.279414,-0.206487,-0.2024697,-0.195946,-0.1490387,-0.0632658,0.0140799,0.0630966,0.0974618,0.1439273,0.2013568,0.2480652,0.2834156,0.3145956,0.344201,0.3711924,0.3969552,0.4244196,0.4476359,0.4582814,0.455069,0.4406175,0.4179233,0.3910211,0.3618806,0.3302252,0.2961661,0.2610984,0.2271512,0.1944559,0.1621039,0.130324,0.1000713,0.0708942,0.0420494,0.0141801,-0.01255,-0.0383913,-0.0633791,-0.0874586,-0.1100909,-0.1305162,-0.1486906,-0.1649416,-0.178778,-0.1895929,-0.1966546,-0.1996147,-0.1990588,-0.1953878,-0.1889426,-0.1798434,-0.168009,-0.1542125,-0.1398238,-0.1256181,-0.1120387,-0.0997763,-0.0897801,-0.0822413,-0.0771408,-0.0751826,-0.0759209,-0.07848,-0.0829861,-0.0892357,-0.096164,-0.1030541,-0.1101134,-0.1174482,-0.1238968,-0.1289098,-0.1328327,-0.1354042,-0.1365531,-0.1367418,-0.1358622,-0.1340116,-0.1321352,-0.1292755,-0.1248265,-0.1193513,-0.111356,-0.1020571,-0.0948631,-0.0862084,-0.0750054,-0.0675317,-0.0647318,-0.0650424,-0.0698186,-0.0805445,-0.0978701,-0.123499,-0.1588478,-0.2017788,-0.2406898,-0.2742889,-0.3327159,-0.3431662,1,1.392
-0.2491183,-0.208457,-0.1706082,-0.2156406,-0.2125285,-0.1136118,0.0361211,0.1536457,0.2434787,0.3221144,0.3948277,0.4566393,0.5083409,0.5559932,0.5996876,0.6375174,0.6678781,0.6907951,0.706064,0.7138395,0.7154447,0.7114187,0.7010287,0.6846777,0.6640068,0.6390227,0.6096803,0.5775568,0.5438932,0.5092715,0.4744113,0.4392364,0.4037154,0.3675489,0.331006,0.2949735,0.2590314,0.2235001,0.1892601,0.1565907,0.1255863,0.0960183,0.0682639,0.04209,0.0172391,-0.0061165,-0.0275727,-0.04731,-0.0660565,-0.0837252,-0.1005829,-0.117221,-0.1339599,-0.1499415,-0.1648881,-0.1795928,-0.1942197,-0.2090154,-0.223756,-0.2381681,-0.2522373,-0.2662404,-0.2795945,-0.2913703,-0.3016361,-0.3104399,-0.3172007,-0.3209619,-0.32248,-0.322194,-0.3193638,-0.3148136,-0.3093928,-0.3030536,-0.2967303,-0.2909725,-0.2853991,-0.2796098,-0.273809,-0.268173,-0.2618613,-0.2544842,-0.2458732,-0.2362928,-0.2260409,-0.2154615,-0.2052112,-0.1979911,-0.1935655,-0.1893555,-0.1897333,-0.1974937,-0.2100914,-0.2281699,-0.2528568,-0.2812671,-0.3136393,-0.341863,-0.3563115,-0.3889308,-0.371878,1,1.342
-0.146015,-0.143227444,-0.102504556,-0.059835333,-0.000914889,0.090068778,0.210795333,0.331181556,0.434716667,0.525152778,0.607512889,0.679313778,0.738949111,0.789371556,0.831031556,0.859931778,0.875476111,0.880522222,0.875523222,0.862354444,0.842292,0.817348556,0.788764,0.756860778,0.724519667,0.692672444,0.660989889,0.630027,0.599450778,0.570436333,0.543445778,0.517286444,0.492701333,0.469737556,0.446580444,0.424169,0.403494444,0.383341333,0.363733111,0.345263222,0.327716333,0.310978667,0.294685444,0.279476667,0.265103667,0.251187889,0.238707556,0.226666889,0.215122333,0.204625333,0.195003333,0.186072556,0.177919333,0.170598333,0.163793889,0.157719222,0.152506444,0.148099778,0.144702778,0.142687667,0.142218111,0.143254667,0.145683556,0.148964111,0.153221111,0.158900222,0.165537778,0.172653667,0.180569111,0.187081444,0.193068556,0.198816889,0.202620333,0.204944,0.205839111,0.205491333,0.203906667,0.201161889,0.197986444,0.194318667,0.191051,0.188629556,0.187690667,0.188827556,0.192113111,0.198257111,0.205149333,0.212507667,0.216854222,0.217782,0.215065889,0.200956556,0.176700556,0.142686667,0.096974111,0.040167,-0.021710889,-0.079276111,-0.125228,-0.165311111,-0.188050111,1,1.199
-0.216002,-0.2196325,-0.178036125,-0.143643125,-0.104462875,-0.046314125,0.039140375,0.15239375,0.287125125,0.42851725,0.56211625,0.67777525,0.7745405,0.85514475,0.922977375,0.982027125,1.03613775,1.086545125,1.131993125,1.170952,1.20200975,1.223346,1.234668,1.236416375,1.227994625,1.208017,1.175476625,1.131019375,1.077045,1.016066875,0.950185875,0.881459875,0.810845375,0.739337375,0.6688025,0.600157,0.5341285,0.472076875,0.414567625,0.3607765,0.310235375,0.26375925,0.22136225,0.182087375,0.14591075,0.113333875,0.084361,0.059322125,0.038046,0.020123,0.00584825,-0.004344125,-0.010350875,-0.012639,-0.011572125,-0.007381375,-0.00086175,0.006681,0.0150855,0.024008875,0.03165675,0.0366435,0.038855625,0.03854425,0.035111375,0.02809225,0.01812125,0.0058865,-0.007567375,-0.02066,-0.0323235,-0.042055625,-0.048810125,-0.0518335,-0.051395375,-0.04770975,-0.04126675,-0.032436875,-0.02084,-0.006526125,0.009876125,0.02804425,0.0476615,0.068172375,0.089547125,0.11186975,0.13446175,0.15642175,0.17702325,0.19528725,0.2089565,0.215548375,0.214829,0.205490875,0.184009875,0.14737325,0.09549975,0.0365835,-0.0229755,-0.080694,-0.1206525,1,1.682
-0.0649709,-0.0831686,-0.0597582,-0.0137891,0.0440977,0.1137299,0.2024366,0.3163449,0.4324654,0.531407,0.6138962,0.6863967,0.7544555,0.8187344,0.8809538,0.9413364,0.9956713,1.0399551,1.0722841,1.0934171,1.1052227,1.1101599,1.1100923,1.1047056,1.0903882,1.0627776,1.0231771,0.9758737,0.9237521,0.8685333,0.8111932,0.7518993,0.6903244,0.6267807,0.562775,0.4996244,0.4379345,0.3782327,0.3216103,0.2687632,0.2190845,0.1721228,0.1287113,0.0891044,0.0535045,0.0225254,-0.004899,-0.0292508,-0.0500034,-0.067633,-0.083364,-0.0973582,-0.1090928,-0.1187258,-0.1271432,-0.1344793,-0.1404827,-0.1461,-0.1519446,-0.1570236,-0.1609335,-0.1640764,-0.1670113,-0.1695375,-0.1714374,-0.1728193,-0.1735419,-0.1736167,-0.173091,-0.1718093,-0.1701544,-0.1687741,-0.1671436,-0.1647258,-0.1627936,-0.1624547,-0.1636015,-0.1651534,-0.1667566,-0.168457,-0.1691978,-0.1675129,-0.1624442,-0.1535984,-0.1406595,-0.123415,-0.1023903,-0.0801209,-0.0596437,-0.04325,-0.0346178,-0.0358415,-0.047716,-0.0720797,-0.1057972,-0.1453668,-0.1944265,-0.2436386,-0.2844674,-0.3480162,-0.3541523,1,1.39
-0.082336222,-0.042892111,0.002595556,0.037767889,0.094394778,0.172709667,0.254768667,0.327862556,0.395534444,0.458306222,0.517917,0.574611778,0.626306667,0.674905222,0.724350333,0.775878778,0.826836556,0.871954444,0.907756778,0.933660556,0.949408222,0.952891556,0.942346,0.916730222,0.876232444,0.823773778,0.762727556,0.696796333,0.629632,0.563521778,0.500299444,0.441173,0.386559778,0.336833889,0.292005222,0.252297889,0.217262,0.186378333,0.159691667,0.136573444,0.116464556,0.099186889,0.084219111,0.071182556,0.059725444,0.049650667,0.041097667,0.033581667,0.026850889,0.020747333,0.015475111,0.011582444,0.009004778,0.007476889,0.007021,0.007376889,0.008006778,0.009174667,0.012587,0.017864889,0.023371556,0.029273667,0.036007889,0.044374444,0.054423778,0.065355667,0.076731222,0.088569556,0.099623333,0.109104889,0.116871222,0.122968111,0.126863,0.128244,0.127447556,0.124403333,0.119900444,0.114863667,0.109215889,0.103920667,0.100053889,0.097349222,0.096148444,0.096964778,0.099718222,0.102893556,0.105400889,0.106587778,0.104224,0.097088556,0.085466111,0.068040111,0.042988667,0.010771333,-0.027899778,-0.072288889,-0.122319222,-0.172256444,-0.213292222,-0.270632889,-0.290646556,2,1.085
-0.0648824,-0.0630416,-0.039473,-0.0102845,0.0340776,0.0943527,0.1635604,0.231888,0.2883702,0.3372499,0.3832696,0.4257398,0.4644535,0.5006983,0.5347248,0.566484,0.595061,0.6192944,0.6390726,0.6536151,0.6624229,0.6646175,0.6596652,0.6475288,0.6289945,0.6054708,0.5779172,0.5470782,0.514053,0.4801615,0.4464264,0.413482,0.3816755,0.3513696,0.3226862,0.2953743,0.2694778,0.245357,0.2230318,0.2025855,0.1837613,0.1660105,0.1493762,0.1341077,0.1203236,0.1079775,0.0971881,0.0877361,0.0794061,0.072299,0.066164,0.0605954,0.0557464,0.0519092,0.0489121,0.0465931,0.0450891,0.0442911,0.0442463,0.045621,0.0482503,0.0516625,0.0560155,0.0612188,0.0670015,0.073317,0.080193,0.0877149,0.095491,0.1034163,0.1119317,0.1208456,0.1295599,0.1382612,0.1466552,0.1542447,0.1616056,0.1691631,0.1772128,0.1863438,0.1975548,0.2118125,0.2295463,0.2511243,0.2762392,0.3032192,0.3304264,0.3552089,0.3739454,0.3833476,0.3799992,0.3619994,0.3296487,0.2835271,0.2245428,0.1525596,0.068624,-0.0190922,-0.0995753,-0.1893163,-0.2376144,2,1.028
-0.102628429,-0.121437714,-0.142507,-0.137283571,-0.091966571,-0.039239714,0.009605714,0.058979429,0.109934714,0.155459143,0.194202714,0.232957,0.268911286,0.298649,0.323650286,0.342123714,0.356379571,0.368879286,0.378952714,0.387293286,0.39126,0.391928429,0.388914429,0.382113571,0.372627,0.359256286,0.341364714,0.320870143,0.298767571,0.275767429,0.252899286,0.230978286,0.210174143,0.189881286,0.168889571,0.148238,0.127912429,0.108377143,0.090624857,0.073567571,0.058308286,0.045179,0.033693714,0.023317143,0.014672,0.006917286,0.000255,-0.004744,-0.009258286,-0.012468857,-0.013919143,-0.014443,-0.013820571,-0.011729143,-0.008608714,-0.004404,0.001250429,0.008096429,0.015403286,0.023891286,0.033058429,0.042974286,0.054011286,0.065083857,0.076832143,0.08826,0.098728571,0.108404714,0.116805143,0.123904286,0.129677857,0.134192714,0.136776429,0.137562286,0.136875429,0.135315429,0.133160571,0.13157,0.131302429,0.132215143,0.134824571,0.139288,0.144682857,0.148465,0.150549429,0.149118,0.143741286,0.134014714,0.119906857,0.099893429,0.076610571,0.049579286,0.019160429,-0.014619857,-0.053449571,-0.098323143,-0.148748,-0.200926429,-0.241918714,-0.285423571,-0.303800571,2,1.361
-0.2433679,-0.2304353,-0.1780464,-0.1235203,-0.0776099,-0.0267938,0.0488011,0.1570094,0.2740688,0.3774699,0.4562195,0.5122519,0.5524313,0.5860515,0.6153098,0.6359077,0.6507598,0.6596145,0.6593812,0.6522592,0.6387268,0.6171871,0.5884954,0.5536456,0.5127396,0.4672765,0.4187998,0.3682414,0.3174788,0.2685488,0.2221502,0.1791928,0.1406536,0.1062948,0.0757219,0.0487179,0.0246668,0.0029242,-0.0167657,-0.0344047,-0.0504334,-0.0650278,-0.0780487,-0.0898977,-0.1008358,-0.1109908,-0.1200973,-0.1282123,-0.1352019,-0.1412066,-0.147065,-0.1528055,-0.1583824,-0.1641726,-0.1704156,-0.1773385,-0.1847635,-0.1927312,-0.2013311,-0.2100211,-0.2184897,-0.225771,-0.2317982,-0.2371349,-0.2412062,-0.2437953,-0.2448631,-0.2441956,-0.2418497,-0.2375729,-0.2311141,-0.2223888,-0.210941,-0.1959894,-0.1767789,-0.1528653,-0.1243871,-0.0910953,-0.0528389,-0.0099785,0.0362136,0.0836219,0.130835,0.1765093,0.2184303,0.2535978,0.2793687,0.2931087,0.2930144,0.2778453,0.2469784,0.2028926,0.148102,0.0854357,0.0197879,-0.0435544,-0.1019002,-0.152575,-0.1941906,-0.2316033,-0.2512522,2,1.471
-0.3120955,-0.315803167,-0.247986,-0.184716667,-0.174126833,-0.1706585,-0.133428333,-0.063939833,0.013899333,0.083110667,0.151911,0.218886667,0.280005,0.3351485,0.383494667,0.4266045,0.465802333,0.501381667,0.532898667,0.557883667,0.575014667,0.5832035,0.581746667,0.571261333,0.552815833,0.527248167,0.49556,0.459712,0.4208125,0.379661667,0.337597667,0.296161,0.256784167,0.220170333,0.186394667,0.155334,0.127159333,0.101872667,0.079101333,0.058369167,0.03947,0.022374167,0.007304333,-0.005942667,-0.017641667,-0.027642167,-0.035926,-0.043013667,-0.050004833,-0.056957,-0.063155667,-0.06906,-0.075026833,-0.080706333,-0.086005167,-0.091233833,-0.096554667,-0.101751,-0.106677333,-0.111317833,-0.115593833,-0.119766167,-0.124849333,-0.131186667,-0.138073833,-0.145297167,-0.152433167,-0.158075,-0.161793667,-0.164026,-0.164233667,-0.161671667,-0.156116167,-0.146462333,-0.131599833,-0.111078333,-0.08417,-0.049988333,-0.0080535,0.042215667,0.099987333,0.163183167,0.230132333,0.298829,0.365589333,0.425389,0.474575333,0.509018333,0.524574333,0.518819167,0.4907425,0.442431,0.377938,0.302728333,0.223774833,0.1473695,0.074430167,0.009092833,-0.043934167,-0.090094833,-0.120848667,2,1.327
-0.218871571,-0.185755143,-0.126324429,-0.105007857,-0.118284286,-0.091056571,-0.037962857,0.009891143,0.060759143,0.106827714,0.148853571,0.195348,0.239810714,0.277096714,0.308648714,0.340104571,0.374867857,0.411643429,0.446646,0.479983,0.512224571,0.543396429,0.569405,0.588154571,0.598611714,0.599557571,0.591686,0.576726286,0.557158714,0.535212143,0.511758714,0.487462,0.463317857,0.439949143,0.417935286,0.397379286,0.378305714,0.360746714,0.344276286,0.328102143,0.312030143,0.296280286,0.280532429,0.264279571,0.247774714,0.231643143,0.215639,0.199921143,0.185145,0.171176286,0.158111429,0.146241286,0.135736286,0.126671143,0.118469714,0.110769,0.103580429,0.096865429,0.090876429,0.085708714,0.081578143,0.078997286,0.078550714,0.079643286,0.080920286,0.082486429,0.085864571,0.090842857,0.096362143,0.101680429,0.106256143,0.11031,0.113618286,0.115258429,0.116332429,0.118506429,0.122941714,0.130534571,0.143106286,0.162513857,0.188365286,0.219698857,0.256283286,0.296593429,0.337993714,0.377224714,0.412638143,0.443084857,0.462361857,0.466902857,0.456046714,0.428739286,0.384131286,0.324118857,0.252519286,0.175464,0.096694429,0.020982429,-0.041024857,-0.090044429,-0.120211286,2,1.33
-0.168638111,-0.166922667,-0.132740778,-0.094384889,-0.032860667,0.057400778,0.164242556,0.279753333,0.404734222,0.527682667,0.633499556,0.717957444,0.786993556,0.845543222,0.896502778,0.942137778,0.985794778,1.027563667,1.065122778,1.094137111,1.109654667,1.108084444,1.088037333,1.051109222,0.999539556,0.936971889,0.866396556,0.790682111,0.712820889,0.635035778,0.559982667,0.488751,0.421711556,0.359571444,0.303112222,0.252707,0.208074778,0.169080333,0.135148556,0.105677222,0.080681,0.059424222,0.041373444,0.026337222,0.013974333,0.005108667,-0.000249556,-0.002704889,-0.002069111,0.001330111,0.007115778,0.015304111,0.026508667,0.039850444,0.054821889,0.072059111,0.09152,0.113072,0.137040333,0.164064556,0.194759444,0.228362444,0.265228444,0.306425889,0.350204333,0.394766667,0.439753333,0.483384889,0.524588556,0.561990333,0.594001333,0.619963889,0.640562111,0.657813222,0.673254778,0.688613111,0.706775222,0.729832222,0.759071222,0.793952444,0.832209889,0.871841333,0.908910778,0.939933444,0.960636667,0.967118444,0.957661111,0.929239111,0.879383667,0.810985556,0.727229333,0.629369111,0.522781333,0.412782222,0.304084667,0.203302,0.112489222,0.030978111,-0.038875667,-0.099654111,-0.142400444,2,1.394
-0.17997425,-0.17114525,-0.1216805,-0.09504825,-0.07910825,-0.058759375,-0.01601325,0.0578595,0.145575125,0.220158875,0.2731805,0.31904475,0.3568485,0.381168375,0.40124825,0.42362975,0.445576125,0.46498625,0.48310175,0.50069175,0.516938125,0.52947025,0.53533425,0.5335195,0.524901125,0.510436,0.4915725,0.46960725,0.445196875,0.419822875,0.393916875,0.367881625,0.34182125,0.3158355,0.290539875,0.265685125,0.2418845,0.21920325,0.1971715,0.176114375,0.156325625,0.137934,0.121071125,0.105645125,0.091720125,0.079016,0.067351,0.05643075,0.046479,0.037866,0.030336875,0.023945125,0.019029125,0.015193,0.012457375,0.01114125,0.01053025,0.01062675,0.011299125,0.012758,0.0151555,0.01795575,0.0214305,0.025028375,0.028452875,0.031924375,0.035327625,0.038464625,0.04088925,0.042777625,0.043749,0.043831375,0.043078375,0.0415325,0.03955675,0.037064,0.0335755,0.029950875,0.02751025,0.0259455,0.026019375,0.029326875,0.035578625,0.044298125,0.056011125,0.069591625,0.083173125,0.095231,0.103252625,0.105330875,0.100537375,0.089017,0.071055625,0.046927375,0.01724825,-0.017107,-0.054728375,-0.093067875,-0.126594125,-0.15712625,-0.177334875,2,1.209
-0.1641845,-0.179982333,-0.174353667,-0.180112667,-0.176516167,-0.147439333,-0.097464167,-0.042573,0.0063595,0.0477485,0.083726167,0.115297333,0.141111333,0.162841833,0.183665333,0.206700167,0.232075333,0.258281333,0.284055167,0.308751,0.329436833,0.344096,0.353523333,0.357425167,0.355772833,0.349756,0.3401555,0.327175167,0.311727333,0.293919667,0.273610333,0.251947333,0.230119667,0.208636,0.187444667,0.166642,0.145939167,0.125602167,0.105934,0.087098,0.069652333,0.0530435,0.0364805,0.020609,0.0051015,-0.009997333,-0.024540667,-0.038761167,-0.052509833,-0.065745667,-0.078251667,-0.089747,-0.100628333,-0.110622667,-0.1195075,-0.127649167,-0.135067,-0.141219167,-0.146120667,-0.1501,-0.1531985,-0.1553015,-0.155917833,-0.155370667,-0.1547275,-0.153981333,-0.1526995,-0.150938333,-0.1490055,-0.147030167,-0.145157333,-0.1431175,-0.140937167,-0.1384525,-0.135405833,-0.1318645,-0.127999833,-0.123802833,-0.118107833,-0.1111575,-0.103014,-0.093178833,-0.081331,-0.067541167,-0.050321333,-0.029254833,-0.006717167,0.016645167,0.039672167,0.0587875,0.0711595,0.074827167,0.067643833,0.048458833,0.0182915,-0.020665833,-0.066157833,-0.113688167,-0.151664167,-0.185358167,-0.197932667,2,1.106
-0.158096571,-0.158421286,-0.127478,-0.105063857,-0.096234143,-0.082577286,-0.027044714,0.056113714,0.135465857,0.199042429,0.259499429,0.323263429,0.386162857,0.441734429,0.492920286,0.546759429,0.605144,0.664257714,0.720666286,0.772497286,0.818273,0.856584143,0.887199571,0.909571286,0.921511714,0.921311571,0.909873286,0.888683286,0.857431143,0.817074143,0.769560429,0.717129,0.661072714,0.603626571,0.546557714,0.490878857,0.437214714,0.386459429,0.338827429,0.294676571,0.254455857,0.217875429,0.184746571,0.155118714,0.128676286,0.105122857,0.085000286,0.067761714,0.052555857,0.039629,0.028859429,0.020148571,0.013231143,0.007922714,0.004303286,0.002240143,0.001227714,0.001539,0.003556143,0.006640857,0.011304,0.017877,0.026199429,0.036498429,0.048763143,0.062592286,0.077470857,0.093833857,0.111346,0.128334429,0.144325,0.158875143,0.171947571,0.184608,0.198159714,0.213775143,0.233653571,0.259678429,0.292937286,0.332519714,0.376240429,0.422334143,0.468052714,0.510340429,0.546042,0.572257714,0.588073714,0.592193286,0.580807143,0.553463143,0.509179,0.448010143,0.372396714,0.287270857,0.197878143,0.109839571,0.029394714,-0.038815857,-0.096035857,-0.147543714,-0.185224571,2,1.36
-0.0120231,0.0340395,0.0649281,0.0789258,0.1108984,0.1773393,0.2607499,0.3367072,0.4007498,0.4540922,0.5011099,0.5455942,0.5848025,0.6188101,0.6517834,0.6839114,0.7111307,0.7302262,0.7421524,0.7488359,0.7515642,0.7497289,0.7422312,0.7284019,0.7080545,0.6810646,0.6478179,0.609618,0.5684816,0.5260985,0.4830091,0.439534,0.397149,0.3569476,0.3190753,0.2839012,0.2522644,0.2244464,0.2001385,0.1790702,0.1610682,0.1456201,0.1317665,0.1190744,0.1070668,0.0951896,0.0833031,0.0711257,0.0586951,0.0461414,0.0330696,0.0200538,0.007325,-0.0058003,-0.0189103,-0.031353,-0.0434794,-0.0555777,-0.0676359,-0.0793757,-0.0907624,-0.1014904,-0.1113524,-0.1203705,-0.1277154,-0.1333271,-0.1370688,-0.1382354,-0.1366235,-0.1329828,-0.1275328,-0.1203205,-0.1122843,-0.1034082,-0.0933677,-0.082606,-0.0708617,-0.0566815,-0.0388488,-0.0171718,0.009008,0.0402212,0.0760487,0.1157807,0.1575945,0.19903,0.2380899,0.271532,0.2958955,0.3089855,0.3086679,0.2934654,0.2639795,0.2229557,0.1727945,0.1131198,0.0459184,-0.0213113,-0.0801027,-0.1442761,-0.1766056,3,1.423
-0.1464977,-0.1284368,-0.1020483,-0.0990327,-0.0833771,-0.0394214,0.0237905,0.0917594,0.1537612,0.2121597,0.2654905,0.3103221,0.3509346,0.3857723,0.4138904,0.4361209,0.4512887,0.4606699,0.4648054,0.465341,0.4640701,0.4600632,0.4526693,0.4422479,0.4283809,0.4105883,0.3885926,0.3644476,0.3399506,0.3153625,0.2909417,0.2677119,0.2455727,0.2247176,0.2051499,0.1866112,0.1690168,0.15278,0.137895,0.1239687,0.1108971,0.0990131,0.0881386,0.0778105,0.0677045,0.0582848,0.0495895,0.041153,0.0328992,0.0247172,0.0162384,0.0080959,0.0012943,-0.0049619,-0.0106866,-0.0152098,-0.0189391,-0.0221321,-0.0240149,-0.0248252,-0.0247776,-0.02366,-0.021941,-0.0196928,-0.017077,-0.0144062,-0.0109467,-0.0073735,-0.004869,-0.0034915,-0.0030004,-0.0031438,-0.0045699,-0.0064922,-0.007997,-0.0086036,-0.0081295,-0.0067793,-0.0029341,0.0032792,0.0106327,0.020893,0.0333649,0.0460181,0.0612783,0.0796518,0.0979021,0.1150516,0.1305375,0.1422273,0.1480553,0.1456689,0.1333088,0.1101727,0.0781091,0.0414713,0.002375,-0.0386183,-0.079748,-0.1228005,-0.1493774,3,1.239
-0.0718315,-0.0911033,-0.0991415,-0.0987124,-0.0750607,-0.0393752,8.65E-05,0.0431901,0.0849781,0.1177948,0.1470132,0.1760267,0.2000666,0.2196289,0.2368874,0.251729,0.2638289,0.2739206,0.2819051,0.2884965,0.293004,0.2932793,0.2893407,0.281714,0.2700216,0.2544785,0.2369102,0.2185042,0.1999635,0.1817054,0.1636071,0.1460791,0.1298193,0.1141635,0.0986819,0.0838444,0.0699395,0.0567137,0.0438768,0.031352,0.0192612,0.0080504,-0.0021219,-0.0115085,-0.0201915,-0.0280588,-0.0345917,-0.0400782,-0.0448749,-0.0492149,-0.0531879,-0.0563945,-0.0588654,-0.0606034,-0.0617951,-0.0628849,-0.0634921,-0.0631799,-0.0622835,-0.0607769,-0.0583233,-0.0550657,-0.0506344,-0.0450555,-0.0394558,-0.0337215,-0.0272901,-0.0204346,-0.0135142,-0.0062319,0.001362,0.0085257,0.0155337,0.023095,0.030449,0.0376892,0.0460179,0.0553644,0.0655695,0.0768524,0.0890933,0.1025872,0.1174944,0.1335071,0.1506077,0.1683654,0.1853488,0.2001257,0.2113793,0.2163011,0.2117503,0.1962269,0.1687733,0.1302171,0.0822442,0.0256395,-0.0399314,-0.107432,-0.1617133,-0.2256619,-0.247748,3,1.138
-0.262434667,-0.237050889,-0.154404667,-0.125654444,-0.144433111,-0.113308444,-0.019910667,0.092436111,0.182348667,0.258449222,0.327473889,0.389752,0.453633444,0.518396222,0.577328778,0.622470444,0.655086556,0.678129111,0.694686333,0.707504556,0.716673889,0.721578556,0.720954556,0.715610222,0.706621889,0.693762667,0.676886222,0.655739111,0.631006111,0.603204333,0.573167444,0.541943778,0.510944889,0.480550889,0.450665222,0.421975,0.394872556,0.369599333,0.346484667,0.325237222,0.305904778,0.288271889,0.271955667,0.256787333,0.242436556,0.228251333,0.214166333,0.200537222,0.186699222,0.172746556,0.159651778,0.147741333,0.137637111,0.129376222,0.122314667,0.116213444,0.111357889,0.107623667,0.104723111,0.102304778,0.100083111,0.098610556,0.097975,0.097974778,0.099024,0.101111222,0.104128667,0.107732556,0.112772222,0.120037778,0.128185444,0.137001222,0.147247111,0.158237667,0.170002111,0.182780889,0.195827444,0.208833778,0.222421222,0.236816889,0.252102444,0.268572778,0.286631333,0.305963222,0.325791667,0.344632889,0.361550333,0.376443667,0.385900111,0.388791222,0.383486222,0.366885222,0.339827333,0.301277333,0.250047889,0.189969889,0.123695111,0.052867556,-0.018806,-0.083679889,-0.132814667,3,1.196
-0.129532,-0.1341751,-0.1228305,-0.1257006,-0.1207893,-0.0971382,-0.0590644,-0.019379,0.0123097,0.0270569,0.0211901,0.0176715,0.0310892,0.0516954,0.0637163,0.0658502,0.0608694,0.0513229,0.0408963,0.0339452,0.0324036,0.0349204,0.0390288,0.0433861,0.046603,0.0485048,0.0497508,0.0495917,0.0482352,0.0458674,0.0422437,0.0374816,0.0316613,0.025283,0.0191032,0.0134882,0.0081903,0.002873,-0.001952,-0.0064293,-0.0106079,-0.0142558,-0.0179713,-0.0219952,-0.0264842,-0.0316007,-0.0372058,-0.0437867,-0.0509472,-0.0583597,-0.0662866,-0.0741108,-0.0818307,-0.0894609,-0.0960649,-0.1016566,-0.1068497,-0.110267,-0.1127255,-0.1143054,-0.114667,-0.1143722,-0.1131798,-0.1117444,-0.1109319,-0.1104889,-0.1104087,-0.1112365,-0.1128345,-0.1150157,-0.1176359,-0.1207021,-0.1238462,-0.1271446,-0.129543,-0.1299826,-0.128418,-0.1234085,-0.1131778,-0.0957709,-0.0690548,-0.0314416,0.0176915,0.0769637,0.1426155,0.2097768,0.2729571,0.3269424,0.3658346,0.3876212,0.3919749,0.3782958,0.3482261,0.3040428,0.248436,0.1832676,0.1113387,0.0401538,-0.0238761,-0.0795643,-0.1198762,3,1.23
-0.2712644,-0.270494,-0.2255343,-0.2084667,-0.1923627,-0.1470262,-0.0674159,0.0318517,0.1296356,0.2064099,0.27512,0.3565538,0.4403581,0.5148489,0.5785251,0.6301015,0.672265,0.7094534,0.7436695,0.7731505,0.7954006,0.8093865,0.8146603,0.8103727,0.7964038,0.772938,0.7413118,0.7037122,0.6611612,0.6156025,0.5688202,0.5222517,0.4767365,0.4326075,0.3903861,0.3502806,0.3124676,0.2769289,0.2442903,0.2146506,0.18743,0.162222,0.1390754,0.1174046,0.0970909,0.0775324,0.05865,0.0406781,0.0233631,0.00631,-0.0103656,-0.0256245,-0.0390815,-0.0503566,-0.0588062,-0.0643112,-0.0673739,-0.068224,-0.0677896,-0.0665369,-0.0645611,-0.0627021,-0.060225,-0.057166,-0.0538286,-0.0498846,-0.0460272,-0.0422014,-0.0375158,-0.0330232,-0.0296428,-0.0277111,-0.0264568,-0.0245104,-0.0230239,-0.0216904,-0.0200181,-0.0171147,-0.0116332,-0.0025199,0.0116061,0.0317627,0.0583548,0.0897915,0.123543,0.15632,0.1840803,0.2037322,0.2096117,0.2014018,0.1812978,0.1513592,0.1163025,0.0792938,0.0416525,0.0020746,-0.039953,-0.080092,-0.1148812,-0.136406,-0.1404267,3,1.345
-0.284411333,-0.264734111,-0.179531222,-0.129402444,-0.115965778,-0.080371889,0.000853444,0.112411,0.219994778,0.309270889,0.383172778,0.449904222,0.507270333,0.556148889,0.600598444,0.641378778,0.676251222,0.704312778,0.726009222,0.739817667,0.745279444,0.743889556,0.736406889,0.722887333,0.703360444,0.678954556,0.651237111,0.620178667,0.586258333,0.550890556,0.514851222,0.478568556,0.442281444,0.406512,0.371308111,0.336278222,0.302292333,0.269699889,0.238531667,0.208999222,0.180823667,0.153943444,0.128313444,0.103499667,0.079793,0.057569667,0.036618778,0.016733444,-0.002315889,-0.020742667,-0.038165333,-0.055012778,-0.071493,-0.086811444,-0.101158778,-0.114645444,-0.127396667,-0.139359,-0.150961,-0.162657556,-0.174396111,-0.186198556,-0.197749222,-0.209183333,-0.221377556,-0.233906111,-0.246289,-0.257809556,-0.268041667,-0.278254778,-0.288234222,-0.296908556,-0.303832889,-0.308409444,-0.310105778,-0.308163556,-0.302212778,-0.291455778,-0.274623222,-0.251237778,-0.220573556,-0.182310556,-0.137129667,-0.086475111,-0.032662556,0.020805667,0.069744889,0.110508444,0.139171333,0.153631889,0.153007222,0.136390333,0.105784444,0.065991889,0.022507889,-0.022951222,-0.065068222,-0.102360778,-0.141357,-0.170424333,-0.176614111,3,1.445
-0.0716998,-0.0836937,-0.098988,-0.0949519,-0.0583757,-0.0170737,0.0241603,0.075062,0.1314141,0.1847523,0.234632,0.2830476,0.3232759,0.3586147,0.3908757,0.4197458,0.4458225,0.4668175,0.4812195,0.4865782,0.4808066,0.4657313,0.4420989,0.4112863,0.3780004,0.3405559,0.3056053,0.2737017,0.2414278,0.213497,0.1892305,0.1672963,0.147904,0.1308178,0.1155053,0.1020494,0.0901632,0.0793185,0.0691602,0.0589476,0.0488627,0.0386978,0.0277924,0.0167797,0.0056367,-0.0061246,-0.0176113,-0.0282503,-0.0381135,-0.0462176,-0.0534983,-0.0594066,-0.0637728,-0.0660874,-0.0668865,-0.0655638,-0.0623705,-0.0572725,-0.0510756,-0.0442283,-0.0371719,-0.0299088,-0.0231513,-0.017183,-0.0116474,-0.0076452,-0.004951,-0.0030184,-0.0022927,-0.0026731,-0.0039212,-0.0064045,-0.0096577,-0.0133948,-0.0181173,-0.0229087,-0.027205,-0.0311843,-0.0328177,-0.0321207,-0.0290747,-0.0225465,-0.0128701,-0.0020654,0.0095676,0.0215034,0.0328231,0.0425291,0.0507323,0.0562769,0.0593496,0.0588182,0.0528538,0.0409685,0.0203822,-0.0103196,-0.0502873,-0.0962885,-0.1398462,-0.1797957,-0.2039061,3,0.894
-0.079025111,-0.077525333,-0.060089444,-0.064255333,-0.059934,-0.009062556,0.086623,0.193884667,0.276790556,0.333028,0.379437,0.431482889,0.490198778,0.548362889,0.599523556,0.642468333,0.679574889,0.712748,0.73986,0.759574444,0.772907889,0.779537222,0.777366111,0.766475889,0.748310222,0.724035444,0.695643889,0.663991,0.629206778,0.592273222,0.553967778,0.514859333,0.475673444,0.437259333,0.400235222,0.364667889,0.331053556,0.299693556,0.270471111,0.243291444,0.217901,0.193962111,0.171244111,0.150207111,0.130771,0.112422111,0.095561333,0.080267778,0.066227222,0.053469889,0.041883222,0.030954222,0.020368111,0.010312222,0.000794667,-0.007971111,-0.015991,-0.022707222,-0.027906889,-0.032104222,-0.035316444,-0.037413,-0.038469333,-0.038274222,-0.036939333,-0.034529,-0.031739111,-0.029333222,-0.026572667,-0.024190111,-0.022864667,-0.022206222,-0.021835333,-0.021330111,-0.021139,-0.021289667,-0.020768,-0.018601222,-0.013514222,-0.004138556,0.010957889,0.033462778,0.064056,0.102600667,0.148709333,0.201432889,0.257491111,0.312077111,0.359093111,0.391783667,0.404554556,0.393308333,0.356200889,0.295081556,0.215656111,0.124116444,0.025591,-0.070621111,-0.149736444,-0.236602222,-0.279430556,3,1.355
-0.202592429,-0.196383571,-0.161711571,-0.148387571,-0.122268429,-0.068264429,0.001666143,0.080367429,0.165896143,0.248080143,0.325295,0.395321714,0.457572286,0.515076143,0.567220143,0.617880857,0.665197714,0.705978143,0.739752143,0.763821571,0.777347714,0.782812571,0.779203286,0.770336857,0.757446857,0.738160143,0.714948571,0.689157571,0.660429857,0.629461,0.597468429,0.564512286,0.531111143,0.498094857,0.465161429,0.433245714,0.402740571,0.373917857,0.347104,0.322018143,0.299023,0.27837,0.259542857,0.242212286,0.226591571,0.212412143,0.199685286,0.188357857,0.17795,0.168356429,0.160228286,0.153266429,0.147325714,0.143261857,0.140504143,0.139099143,0.138996,0.140052429,0.142330714,0.14579,0.150386429,0.155721714,0.161439714,0.167483286,0.174016143,0.180487714,0.186554286,0.192159,0.197487857,0.202343714,0.206479286,0.210150286,0.213402571,0.216904,0.221456143,0.227699571,0.235365143,0.244782,0.256490286,0.269695,0.283683286,0.296662286,0.307664286,0.316663857,0.320308143,0.318474571,0.311184571,0.296050571,0.274072143,0.245476571,0.210485571,0.170782429,0.127441,0.081414286,0.035441571,-0.009267286,-0.052141,-0.091791429,-0.124437857,-0.154398714,-0.173733,3,1.198
