4.31780075,4.99242425,5.64091775,6.26653825,6.878421,7.487565,8.10316775,8.7290125,9.36239375,9.9952245,10.61551475,11.2101175,11.7664365,12.273859750000002,12.72408275,13.111238,13.4314905,13.682784,13.86443675,13.97699075,14.02196525,14.001662,13.9190195,13.777496,13.58102975,13.334044,13.041418,12.708362,12.34027975,11.9424425,11.5198005,11.076757,10.617289,10.14486825,9.66244575,9.17226375,8.67572025,8.173682999999999,7.66676325,7.15581475,6.642589,6.1301175,5.62288725,5.126482,4.647312,4.19209225,3.767593,3.379958,3.0342217500000004,2.73371075,2.47996,2.2726945,2.1105085000000003,1.9908655,1.91045375,1.86515675,1.850195,1.860475,1.89079175,1.936169,1.9919320000000005,2.0540405,2.119425,2.18617525,2.2537625,2.32273325,2.3947765,2.4723925,2.55886475,2.6578740000000005,2.77332425,2.90902275,3.068756,3.25608175,3.4741677500000003,3.7257495,4.012840499999999,4.3368765,4.6987535000000005,5.0992875,5.539864,6.0231035,6.553496,7.1375035,7.783951249999999,8.503599999999999,9.30878875,10.2124935,11.227475,12.36485675,13.633084,15.03656225,16.574425249999997,18.2402595,20.0210095,21.8986125,23.8506935,25.853317500000003,27.88298375,29.9185575,31.942696
11.3291718,12.8005322,14.329307,15.9029326,17.510398000000002,19.1403926,20.7804728,22.4151558,24.0261752,25.591751200000004,27.0882362,28.4907046,29.775327,30.9211522,31.9122226,32.73862319999999,33.3970776,33.88990220000001,34.2241264,34.4091736,34.455603800000006,34.3734132,34.171180400000004,33.8558412,33.4325436,32.9053722,32.277592799999994,31.5527842,30.735089200000004,29.8303464,28.845704,27.789899400000003,26.6724018,25.5030282,24.2913616,23.0464834,21.776583,20.4888308,19.1895462,17.884369600000003,16.5790024,15.2792396,13.991469600000002,12.722299,11.4787072,10.267880600000002,9.0971132,7.973623799999999,6.9042744,5.8950848,4.951291,4.0769032,3.2751618,2.5481742,1.8973404000000005,1.3231758,0.8254623999999999,0.4032026,0.0545131999999999,-0.2232716,-0.4339078,-0.5818076,-0.6719994,-0.7093562,-0.6983384,-0.6424266000000001,-0.5442442,-0.4054524,-0.2268466,-0.0084811999999999,0.2503142,0.5510531999999999,0.8958802,1.2876572,1.7294318,2.2243438,2.7747774,3.382114799999999,4.0462114,4.7655654,5.537471600000001,6.35847,7.224703399999998,8.132134,9.0769982,10.055982599999998,11.066835799999998,12.1085372,13.181684,14.2884392,15.4322982,16.6177934,17.849764,19.1330012,20.4717518,21.8694174,23.3283384,24.849456799999995,26.4319522,28.0733318,29.7687824
2.3854172,2.8938483,3.3710557000000003,3.8002708,4.2098675,4.6257063,5.0544591,5.5071088,6.0035463,6.5539113,7.155525300000001,7.8026423,8.485732500000001,9.1905508,9.898867,10.591039900000002,11.2469954,11.848250600000002,12.3787062,12.8260635,13.1812323,13.4389397,13.5993567,13.6663983,13.638519399999998,13.516184999999998,13.31961,13.068605299999998,12.760378,12.4001753,12.0185121,11.624916100000002,11.1959037,10.7313776,10.2542346,9.7727472,9.2856472,8.791749600000001,8.287411,7.7792239,7.284413800000001,6.793037000000001,6.2727947,5.7221338,5.1652505,4.615214600000001,4.067592299999999,3.5160402000000004,2.9667371,2.4301088,1.9114261,1.4147634,0.9454539,0.5086166999999999,0.1084977,-0.2512588,-0.5676418,-0.8384824,-1.0625186999999998,-1.2394335,-1.3699028000000002,-1.4555483000000002,-1.4989008,-1.5031138,-1.4718214,-1.4087988,-1.3177656,-1.2019806,-1.0640944,-0.9058826,-0.7281743,-0.5308299999999999,-0.3127898,-0.0722931999999999,0.1929565,0.4856261,0.8086575,1.1652572,1.5588741,1.9933159000000005,2.4727464,3.0017979,3.5854776,4.229261200000001,4.9389294,5.7205529,6.580188600000001,7.523669999999998,8.5562576,9.6823739,10.9051214,12.2261421,13.645080099999998,15.1597838,16.765793799999997,18.4569697,20.2251945,22.0611872,23.9544189,25.8938087,27.8678359
12.983029111111112,13.769325222222225,14.552404666666664,15.288173777777777,15.944960555555554,16.555752333333334,17.192038888888888,17.86786933333333,18.572784555555558,19.302229666666666,20.046670777777777,20.78767333333333,21.50646033333333,22.18565088888889,22.81010188888889,23.367687888888888,23.849750111111103,24.250456333333336,24.567067222222224,24.798879222222222,24.94725655555556,25.01440733333333,25.003129666666663,24.916032444444443,24.755383777777777,24.523152,24.22117622222222,23.85172122222222,23.417768222222225,22.923336222222225,22.37345,21.773782,21.130294222222226,20.44868166666667,19.734167222222226,18.991360333333333,18.22432955555556,17.43670677777778,16.63182133333333,15.812815222222223,14.98268588888889,14.144346777777775,13.300687333333334,12.454613444444444,11.609073777777777,10.767102,9.931790555555558,9.10627522222222,8.293613666666667,7.496763222222223,6.718567555555556,5.961905222222223,5.229594444444444,4.52451311111111,3.849387555555556,3.206825888888889,2.599177,2.028497555555556,1.4965766666666664,1.0048642222222224,0.554734111111111,0.1474482222222221,-0.2154957777777778,-0.53246,-0.801472,-1.0203822222222223,-1.186668,-1.2975927777777778,-1.3502551111111112,-1.3418807777777777,-1.2701345555555557,-1.1333386666666665,-0.930754777777778,-0.6625422222222223,-0.3298236666666667,0.0655874444444444,0.5213227777777778,1.0349468888888889,1.6043402222222225,2.228192777777778,2.906274333333333,3.6396237777777776,4.430711111111111,5.283335666666667,6.202754555555556,7.195324333333334,8.268546,9.430399,10.689052222222225,12.051894999999998,13.525261444444446,15.113325444444444,16.818302444444445,18.639022666666666,20.57164777777778,22.608462,24.738687,26.948084666666663,29.219649666666665,31.534161222222224,33.870785222222224
7.126685499999999,8.4030904,9.7493851,11.1177192,12.4995268,13.8901034,15.2878249,16.6865428,18.0741031,19.4330751,20.7439704,21.9866216,23.142275,24.1957478,25.1358447,25.9557806,26.652836,27.2272496,27.6815661,28.0192934,28.2444536,28.3610419,28.3729843,28.2840506,28.097977000000007,27.8185404,27.4497307,26.9960667,26.4628309,25.856446,25.1842535,24.4542293,23.6745735,22.8532438,21.9977676,21.1149553,20.2108253,19.2905857,18.3586481,17.4187936,16.4743226,15.528140100000002,14.582917600000002,13.6410653,12.704875,11.7765213,10.8581397,9.9517437,9.0593367,8.182827800000002,7.324352399999998,6.486135300000001,5.6706710000000005,4.880677899999999,4.1190601,3.3890101,2.6939427,2.0375083000000003,1.4235591,0.8560487999999999,0.3389232,-0.1241161999999999,-0.5295608,-0.8742919,-1.1555969,-1.3711548,-1.5189107,-1.5971731,-1.6045962,-1.5403673999999998,-1.4041843,-1.1963275,-0.9174439,-0.5683169,-0.1497285999999999,0.3378533,0.8942254999999998,1.5196159000000002,2.2145021,2.9795261,3.8155476,4.723531299999999,5.704706300000001,6.7605411,7.892950799999999,9.1041401,10.3966984,11.7731614,13.2359151,14.7867779,16.4269071,18.1561934,19.9734643,21.8757807,23.858795300000004,25.9160869,28.0398262,30.2207503,32.448788,34.7132999,37.00347489999999
9.546684555555554,10.605262444444442,11.66184711111111,12.714905111111111,13.770745999999995,14.836726444444444,15.919815111111111,17.020816333333332,18.13441188888889,19.246799555555555,20.33917855555556,21.38943911111112,22.37591377777778,23.280411555555556,24.089513888888888,24.795892555555557,25.397036222222223,25.894382111111117,26.290976444444443,26.59038777777777,26.795164444444445,26.90696544444444,26.92663855555556,26.85521633333333,26.694626222222222,26.448274444444444,26.12119111111112,25.719722000000004,25.250988222222222,24.722184,24.14013388888889,23.511046333333336,22.84058388888889,22.134089,21.39684855555556,20.63431911111111,19.852265444444445,19.05676755555556,18.254250555555554,17.451390777777778,16.655062777777783,15.872191333333337,15.109599333333332,14.373821777777778,13.670929666666666,13.006416444444444,12.385084111111112,11.810924444444446,11.287093,10.81574988888889,10.39809288888889,10.034271444444444,9.723491777777776,9.46395011111111,9.252972777777778,9.087047444444444,8.962063,8.873522333333334,8.816828999999998,8.787497111111113,8.78139811111111,8.794874222222223,8.824844666666666,8.868795333333333,8.924844777777778,8.991643333333336,9.068360555555556,9.154589444444444,9.250373555555557,9.35615388888889,9.47277188888889,9.601433555555555,9.74367422222222,9.901338,10.076495222222222,10.271374333333334,10.48829088888889,10.729573444444444,10.99758288888889,11.29465688888889,11.623391444444444,11.986711222222224,12.388158888888888,12.831942666666666,13.323198111111113,13.867878222222224,14.472915111111112,15.14581022222222,15.894583444444445,16.727097777777782,17.650927888888887,18.67237233333334,19.796458666666663,21.025750111111112,22.360735444444444,23.79901844444445,25.33603433333333,26.96491422222222,28.677174444444443,30.463072,32.31191377777778
6.335744249999999,7.14911175,7.911652750000001,8.629085625,9.317265375000002,9.999673875,10.6996665,11.435204124999998,12.21118125,13.018068875,13.83377675,14.628063375,15.370961499999998,16.037602500000002,16.613023249999998,17.0923655,17.478672,17.780104375,18.005760624999997,18.163734125,18.25970225,18.296859625,18.276523625,18.198873125,18.06403575,17.873067749999997,17.628720625,17.3359435,17.00159575,16.633878625,16.241251625,15.831458625,15.410718499999998,14.983292875000004,14.55169125,14.1171955,13.68062725,13.242979749999998,12.805853375,12.37151975,11.94261975,11.521711375,11.110812500000002,10.711058875,10.322398875,9.94373,9.573018125,9.20772175,8.845298875000001,8.483675125,8.121499625,7.758258749999999,7.39428675,7.030737374999999,6.669499125,6.313044125,5.96424325,5.62617775,5.30207475,4.995232375,4.709093875,4.447434500000001,4.214273625000001,4.013789750000001,3.849791,3.725293,3.642262,3.60156775,3.6031675,3.64634325,3.730391,3.85507675,4.0206745,4.228050625,4.4787755,4.774871750000001,5.118969249999999,5.51447625,5.965564625000001,6.477137125,7.054757875000001,7.704094499999999,8.430067374999998,9.236329875,10.1247675,11.095816750000004,12.148745125,13.28237375,14.495337625,15.786158125,17.153133750000002,18.5940705,20.106047250000003,21.685053375,23.325914750000003,25.022241500000003,26.76625875,28.549066125,30.36063225,32.1893215,34.0223355
7.871060714285714,8.840689142857142,9.831999714285711,10.836646428571427,11.849321857142856,12.865699857142856,13.882439285714284,14.896011142857144,15.901153142857142,16.891194000000002,17.855588857142855,18.78173442857143,19.652974285714286,20.451148857142854,21.15684585714285,21.751235,22.219197714285716,22.548945,22.736057142857145,22.78099142857143,22.691656857142853,22.48028785714285,22.163878285714286,21.761569714285717,21.293472428571427,20.77920371428572,20.236007285714287,19.67841885714285,19.116663714285718,18.557172857142856,18.001959857142857,17.44955714285714,16.895364714285716,16.332676142857142,15.753654,15.150317857142856,14.51559657142857,13.844121714285714,13.132799571428569,12.381229857142856,11.591543285714284,10.768229857142858,9.917525714285714,9.047001714285717,8.164858857142857,7.279646428571428,6.399841571428572,5.533813428571428,4.689602,3.874984428571429,3.097261571428571,2.363225857142857,1.6790138571428572,1.0497981428571428,0.4799308571428571,-0.0275272857142857,-0.4703968571428571,-0.8478608571428571,-1.1599634285714286,-1.4079418571428572,-1.593746285714286,-1.7201491428571427,-1.7903932857142857,-1.808067857142857,-1.7768937142857142,-1.700451142857143,-1.582085857142857,-1.4246138571428573,-1.2303034285714285,-1.0006251428571429,-0.7362281428571428,-0.4367362857142857,-0.1007268571428571,0.27423,0.6915314285714286,1.1552438571428572,1.6699257142857142,2.240226285714286,2.870651857142857,3.565346571428571,4.327846857142857,5.161157714285714,6.06755957142857,7.048891142857143,8.106446857142858,9.241287142857145,10.45427057142857,11.746094857142856,13.117181571428572,14.567576285714283,16.096503,17.702368857142854,19.381681428571422,21.129702142857145,22.93914057142857,24.801482714285715,26.706172285714285,28.64197871428571,30.597006428571422,32.55940857142857,34.51808557142857
15.6246187,16.303081199999998,16.9780021,17.661507299999997,18.3690665,19.1126402,19.8991381,20.7256561,21.5822358,22.4510519,23.311186900000003,24.140138,24.917496,25.626021700000003,26.2538844,26.7937103,27.2430521,27.6023821,27.874340399999998,28.0624213,28.1704449,28.2021479,28.1611287,28.050625000000004,27.8734261,27.631619000000008,27.3266152,26.9593274,26.5305472,26.0415034,25.4942266,24.8920351,24.239485100000003,23.5423251,22.8070987,22.0409034,21.251008,20.4446348,19.6288113,18.8102057,17.9951155,17.1893955,16.398558899999998,15.6279329,14.882845899999998,14.168651900000004,13.4907631,12.8545249,12.265113,11.727344999999998,11.245519300000002,10.8231838,10.4629712,10.166396,9.9338176,9.7643551,9.6559079,9.6051269,9.6073102,9.6565078,9.7456424,9.8668302,10.0118687,10.1727786,10.3422624,10.5141867,10.683999599999998,10.8489178,11.007861300000002,11.1614097,11.3116403,11.4618809,11.616228500000002,11.7791226,11.9549406,12.147759,12.361308599999996,12.599209000000002,12.8651034,13.1629566,13.4971907,13.872976499999998,14.2962236,14.773659999999996,15.312619099999996,15.9209425,16.6066676,17.377873700000002,18.242384300000005,19.207745499999994,20.2811403,21.469271300000003,22.7783363,24.2136387,25.7794971,27.478160300000003,29.309725000000004,31.2708763,33.3546491,35.55017779999999,37.8421849
4.188044800000001,5.062826599999999,5.975869100000001,6.921860099999998,7.9032973,8.9248566,9.9927678,11.1100451,12.2749614,13.4778297,14.7013144,15.9205167,17.105521500000002,18.2245969,19.2470791,20.1473726,20.9065915,21.5147219,21.970473400000003,22.2806609,22.4584279,22.5208807,22.486785,22.3744965,22.2002097,21.977311800000003,21.7155081,21.4214109,21.098449500000005,20.7480265,20.3699206,19.963352400000005,19.5274361,19.061767,18.5665922,18.0428442,17.4920692,16.9160848,16.3168662,15.696239299999998,15.0558936,14.3974503,13.7226393,13.033545,12.3328575,11.6239387,10.9108438,10.198074900000002,9.4903952,8.7924529,8.108664000000001,7.442922900000002,6.798679300000001,6.178798800000001,5.5857193,5.0214119,4.4875503000000005,3.9855639,3.5168276,3.0826722,2.6844810000000003,2.3236704,2.0016998,1.72006,1.4802658000000002,1.2839040000000002,1.1326283,1.0283007,0.9730087,0.9691329,1.0193036,1.1263652,1.2934035,1.523648,1.8204752,2.1872847,2.6274632,3.1442472,3.740606300000001,4.4190962,5.181628999999999,6.0293919,6.962665599999999,7.980885499999999,9.0826829,10.265930899999995,11.5279693,12.8655769,14.2752354,15.7530587,17.2950935,18.8973836,20.5560942,22.2675811,24.0282972,25.8348279,27.6835683,29.5706785,31.4916531,33.44137980000001,35.4135296
5.390167624999999,6.348093,7.309518625000001,8.253458875,9.1659355,10.039602125,10.8726415,11.66860075,12.43403575,13.17820525,13.9107235,14.640746125,15.374967875,16.117223250000002,16.86693275,17.619259125,18.36500325,19.090841000000005,19.780613875,20.41618075,20.979734125,21.4551335,21.829982375,22.096059125000004,22.250412875,22.2944135,22.233472625,22.075916375,21.832156875,21.513834375,21.133243625,20.7026075,20.233941375,19.738355875000003,19.226245,18.70622725,18.1853795,17.668926375,17.161310125,16.666608375000003,16.18912775,15.732984125000002,15.302081374999998,14.899159125,14.52538225,14.1799395,13.860275375,13.562777874999998,13.28366375,13.019793875,12.768866,12.5293385,12.29996775,12.079402750000002,11.865851125,11.657111,11.450836375,11.244883625,11.037364,10.826929000000002,10.612799625,10.394771125,10.17327675,9.949888875,9.72736675,9.510057625,9.3041065,9.117714,8.961287374999998,8.8472675,8.789366999999999,8.80159825,8.89656175,9.084729875000004,9.372895375,9.764393,10.2586845,10.852391250000002,11.539816000000002,12.314705375,13.170858125,14.10317525,15.107818625,16.182231125,17.324942125,18.53527425,19.81312175,21.1586915,22.572356000000003,24.05426,25.60380225,27.21920975,28.896848750000004,30.63101225,32.41384525,34.235236,36.083266375,37.943664375,39.800557625,41.6366585,43.434625625
5.4306614,6.3103608,7.230987300000001,8.193556000000001,9.2022501,10.2612844,11.373657299999998,12.5384281,13.7486432,14.990613599999998,16.2434018,17.480912300000004,18.6733266,19.7913804,20.8075316,21.700734,22.4553134,23.0645238,23.5273094,23.8497338,24.04126,24.1143077,24.0815686,23.954909900000004,23.7442861,23.4571812,23.0988982,22.6728433,22.1814463,21.6267739,21.0113081,20.3382605,19.611738000000003,18.8365795,18.0180526,17.1615969,16.2724471,15.3555729,14.4155132,13.456585599999997,12.4829331,11.4988463,10.5088883,9.5181046,8.5320385,7.556658199999999,6.598168899999999,5.662831200000001,4.7566835,3.8853929,3.0539693,2.2666881,1.5269081000000002,0.8370421,0.1985649999999999,-0.3878902000000001,-0.9223714,-1.4054015000000002,-1.8377456000000003,-2.2201753,-2.5532406,-2.8371441,-3.0716061,-3.2558128,-3.3883938,-3.4674764,-3.4908208000000003,-3.4559756,-3.3605441000000007,-3.2023354000000004,-2.9795932,-2.6910802999999994,-2.3361594,-1.9147729,-1.4273345,-0.8746477,-0.2577339,0.422296,1.1643519999999998,1.9675104,2.8309931,3.7542448,4.736839099999999,5.778567000000001,6.879316800000001,8.039190000000001,9.258386300000002,10.537265299999998,11.8762806,13.2760533,14.7372682,16.260686500000002,17.846973900000002,19.4965922,21.2093166,22.9841835,24.8187329,26.7092354,28.6497812,30.6330147,32.6492853
17.7791985,18.50592375,19.177563000000003,19.796117,20.372676125,20.921229625,21.458435125,22.000118625,22.557541625,23.138201625000004,23.74150925,24.362653,24.990305,25.610822,26.20831725,26.767259625,27.27386475,27.7164655,28.0868765,28.379326125,28.591258625,28.72203375,28.7733785,28.748324125,28.651258625,28.487179875,28.261458625000003,27.979282,27.64538025,27.263915875,26.838437125,26.372268,25.868574625000004,25.33068375,24.762142875,24.16667725,23.548224,22.910643375000003,22.257850875000003,21.59352675,20.921121875,20.24376475,19.5642475,18.885051875,18.208481875,17.536675,16.871734124999996,16.215899875,15.5715115,14.9412525,14.327845125,13.734176625,13.162929625,12.6167625,12.098148875,11.609735,11.154436,10.735675125,10.357348875,10.023719,9.73927,9.508365499999998,9.33514425,9.22291125,9.174195375,9.1899445,9.27005975,9.413002625,9.616242125,9.8765105,10.190053125,10.553278875,10.963042375,11.41697625,11.914113125,12.454864625,13.041086375,13.675879875,14.362740375,15.105616,15.908115625,16.7738905,17.706314874999997,18.708715875,19.784558625,20.937355375,22.1710455,23.489631,24.897228,26.39775425,27.993970750000003,29.687676875,31.478515875,33.364782250000005,35.3422615,37.405370625,39.5463275,41.75620025,44.024188125,46.338554,48.685814375
21.34475325,22.19316525,23.039701875,23.88260475,24.723627,25.565419750000004,26.40979175,27.257566125,28.105477375,28.94801325,29.776091125000004,30.578822625,31.3446615,32.0619865,32.720892,33.31290975,33.83197025,34.273919125,34.636728625,34.9201665,35.12574475,35.256562625,35.31718275,35.3135025,35.2523055,35.141034625,34.986993625,34.7970725,34.57705325,34.331370125,34.0629395,33.773092875,33.461989125,33.128672125,32.771616124999994,32.3888075,31.97838175,31.53877275,31.068987375,30.568794125,30.038712250000003,29.480247500000004,28.895584875,28.2877375,27.660139625,27.016616625,26.36113475,25.697622,25.029874625,24.3613535,23.6953325,23.0347655,22.382413625,21.7408695,21.11260325,20.500087875,19.905667625,19.33163775,18.78017475,18.25329425,17.752809749999997,17.280276125,16.837032,16.4241135,16.042325,15.692157625,15.373825874999998,15.08735725,14.832644125,14.60955975,14.417998999999998,14.258103,14.13028075,14.03537625,13.974588125,13.94953925,13.96232825,14.015544125000002,14.112251125,14.256068125000002,14.451217375,14.702444375,15.01496775,15.394299,15.846266625000002,16.376729,16.991447875,17.695998749999998,18.49565425,19.395257375,20.39896375,21.510208875,22.7311975,24.06320975,25.50593375,27.057924375,28.715633875,30.47439575,32.327476125000004,34.26717575,36.283978125
4.722837555555555,5.996620444444445,7.331872222222223,8.714708777777778,10.141777,11.616501111111113,13.143655444444445,14.724547666666666,16.35233888888889,18.01188833333333,19.67954977777778,21.327406222222223,22.92574155555556,24.44635022222222,25.864265333333336,27.159220555555557,28.316501777777777,29.32659911111111,30.185446111111112,30.893454444444444,31.454874777777786,31.87702155555556,32.169241,32.34210822222222,32.40629366666666,32.37205177777777,32.24877933333333,32.04474588888888,31.76707188888889,31.421634,31.013193444444443,30.545170666666667,30.01996755555556,29.439319777777776,28.80476622222222,28.118284111111112,27.382595888888886,26.60193611111111,25.781906111111116,24.929720777777774,24.05376333333333,23.163123111111112,22.26694555555555,21.373596666666668,20.490340222222223,19.62281833333333,18.775326333333336,17.950862000000004,17.151448333333335,16.378516333333334,15.633182777777778,14.916486222222224,14.22946477777778,13.573227,12.948765555555555,12.356886444444443,11.798184444444445,11.273092333333333,10.781896111111111,10.324680444444445,9.901307555555556,9.511425444444448,9.154633222222222,8.830739333333334,8.540065555555556,8.283748888888887,8.063851666666668,7.883583444444445,7.747099888888887,7.659365222222222,7.62594411111111,7.652601444444445,7.745038111111111,7.908261,8.146296,8.461827333333334,8.85624688888889,9.329855222222225,9.882289777777778,10.51301422222222,11.221771111111112,12.009095222222223,12.876445333333333,13.826193222222225,14.861389333333332,15.985589666666666,17.202581555555557,18.51602277777777,19.929082555555556,21.444073444444445,23.062341888888888,24.783847666666663,26.607173,28.529336444444443,30.545131777777776,32.64713722222223,34.825415222222226,37.067475666666674,39.35884011111111,41.683056444444446,44.02279622222223
