4.61868,4.232539833333334,3.902647500000001,3.671019166666667,3.5795438333333336,3.656845166666667,3.9038698333333337,4.2952115,4.786773166666667,5.3296486666666665,5.880122,6.404065166666666,6.877079999999999,7.281993,7.607766000000001,7.849427833333333,8.008295500000001,8.091108499999999,8.108262,8.070833833333332,7.988988833333334,7.871263833333334,7.7245485,7.554283833333333,7.364595833333333,7.158707,6.939744166666666,6.711140833333334,6.476804666666667,6.241058333333334,6.008684166666666,5.784916166666666,5.574986333333334,5.383491500000001,5.2136223333333325,5.066692,4.9422085,4.838363833333333,4.752423,4.680855333333334,4.6195181666666665,4.564127666666667,4.511131333333334,4.458482166666667,4.405923833333333,4.354498666666667,4.306023833333334,4.2625965,4.2266275,4.2006385,4.186687666666667,4.185403333333333,4.1957155,4.215004166666667,4.239833666666667,4.266564,4.2916525000000005,4.311882333333333,4.3246085,4.3278273333333335,4.3203225,4.3015745,4.271840500000001,4.232214,4.1845411666666665,4.131418333333333,4.0759995,4.021766666666667,3.9726925,3.933469666666667,3.9100543333333335,3.9093631666666666,3.9385125,4.004181,4.112278666666667,4.268133,4.476263833333333,4.740100333333333,5.061724166666667,5.441766333333334,5.879489166666667,6.373314333333333,6.9216481666666665,7.524191333333333,8.183043,8.9034185,9.694111,10.567003666666665,11.5363925,12.617485,13.824395166666667,15.168903666666663,16.659007,18.298049666666667,20.08429783333333,22.010463666666663,24.063777833333333,26.226311,28.475242333333338,30.784428,33.12644633333333
19.0766115,19.60426916666667,20.240502666666668,20.993504666666663,21.866856666666667,22.850026666666665,23.9198155,25.041533,26.171912833333334,27.265299666666664,28.28093433333333,29.189212333333334,29.974128000000004,30.63217833333333,31.167702833333333,31.587863666666664,31.898544666666663,32.102360166666664,32.198691333333336,32.18531316666667,32.059991333333336,31.822713833333328,31.476763166666668,31.02945933333333,30.492187333333334,29.879026666666665,29.204323666666667,28.4806015,27.717399,26.920458166666663,26.092545333333334,25.235617,24.35237916666667,23.447768166666663,22.529211166666663,21.6050765,20.683185166666664,19.7707885,18.873673333333333,17.99616983333333,17.141913,16.314019166666668,15.5145435,14.745046666666669,14.007924999999998,13.306223333333334,12.643574,12.024231166666668,11.451763333333332,10.927957333333334,10.4528825,10.024542,9.639266,9.292733833333331,8.979854,8.694929333333334,8.431405166666666,8.183395666666666,7.948262499999999,7.719922,7.497553666666668,7.296707333333334,7.115787,6.946614333333334,6.791161166666668,6.648923833333332,6.518354000000001,6.399590666666668,6.293666833333333,6.203978333333333,6.138576333333333,6.095967999999999,6.084072333333334,6.1321035,6.232815333333334,6.375223333333334,6.561308333333333,6.806431166666666,7.113643833333334,7.467268000000001,7.870149166666667,8.327036166666666,8.8407735,9.415260833333331,10.054547666666666,10.763594500000002,11.548581166666663,12.41686,13.376640166666668,14.436450333333331,15.604943333333331,16.890425499999996,18.3001515,19.839353666666668,21.510623833333337,23.3140665,25.247106833333333,27.30411983333333,29.475522666666667,31.746936500000004,34.09942516666667
8.01848075,7.669243,7.366439999999999,7.15514875,7.08101125,7.18116625,7.475908,7.96574775,8.62971525,9.4320815,10.326733,11.26267175,12.1892,13.0592955,13.83372025,14.48340825,14.99063225,15.35000775,15.566935,15.65528975,15.634715,15.52705825,15.3538075,15.134102250000002,14.883943,14.61594325,14.33903125,14.05827725,13.77472225,13.48546225,13.18429425,12.86303175,12.51296375,12.126318,11.69754375,11.2242975,10.70791675,10.153401,9.56864575,8.96343125,8.348170999999999,7.732764500000001,7.125978249999999,6.5349515,5.9650110000000005,5.4197195,4.90087425,4.4089475,3.9435275,3.5038107499999995,3.088978,2.6984385,2.3320825000000003,1.99027075,1.67376325,1.383561,1.120599,0.8856215,0.678873,0.49999775,0.3480174999999999,0.2212687499999999,0.1175809999999999,0.0346307499999999,-0.0297525,-0.0773819999999999,-0.10959425,-0.12729125,-0.13096475,-0.1206384999999999,-0.0958122499999999,-0.0553664999999999,0.0023835,0.0797795,0.17976725,0.30573825,0.4613070000000001,0.649966,0.8748435,1.13888825,1.4450655,1.7965335,2.196685,2.649369,3.1591485,3.731673,4.37396475,5.0945895,5.9034725,6.81171925,7.831028750000001,8.972771,10.24714575,11.66173825,13.2206165,14.92365825,16.76572475,18.73683225,20.82267925,23.00663525,25.2664915
16.867011545454545,16.75545872727273,16.721892272727274,16.77362009090909,16.92389827272727,17.181322636363635,17.546870181818186,18.010391636363636,18.549182272727275,19.131543363636364,19.720815272727272,20.28126572727273,20.78213509090909,21.200623,21.52233009090909,21.74121081818182,21.858326272727272,21.88024127272727,21.817512363636364,21.682051727272725,21.485282272727275,21.236566818181817,20.94336672727273,20.61172618181818,20.24679836363636,19.85307163636364,19.434227545454547,18.993026363636364,18.531205181818184,18.049554090909087,17.548143727272727,17.027225,16.487937181818186,15.932851363636363,15.36573718181818,14.790925181818183,14.212555545454542,13.63407872727273,13.057991636363637,12.485961454545452,11.918921545454545,11.357346636363635,10.80135890909091,10.25095490909091,9.706152545454549,9.167245090909091,8.63504390909091,8.111082363636363,7.597468909090909,7.096745272727273,6.611594545454546,6.144654909090908,5.698277909090909,5.274316636363636,4.874073818181818,4.498323272727273,4.147450454545454,3.82165,3.5211432727272727,3.246296909090909,2.9975104545454543,2.7751173636363635,2.579078545454546,2.4089700000000005,2.264200818181818,2.144342454545455,2.049418090909091,1.980024909090909,1.937459818181818,1.9238755454545453,1.942354181818181,1.9968595454545457,2.092122363636363,2.233212363636364,2.425280545454546,2.673081090909091,2.9809604545454547,3.352764545454545,3.791902,4.301299,4.8834836363636365,5.541126,6.277645818181818,7.097883181818182,8.008212727272728,9.016361636363635,10.130748363636364,11.35960881818182,12.710355090909088,14.189319454545457,15.801624090909089,17.55071645454545,19.437679181818183,21.460303454545457,23.612102,25.88244636363636,28.256165454545453,30.713778636363635,33.23195245454546,35.78353736363636,38.33922118181818
12.7794762,12.2820332,11.846681,11.4908172,11.2374527,11.1075413,11.1105608,11.241492,11.4802445,11.797304700000002,12.1593232,12.5336499,12.8912834,13.2078859,13.464183600000002,13.6456214,13.742274900000002,13.7492259,13.666514700000002,13.4985759,13.2529788,12.9389026,12.5658599,12.1429436,11.6784983,11.1801643,10.6549954,10.109506499999998,9.5496251,8.9805378,8.406389100000002,7.830471100000001,7.255410300000001,6.683424700000001,6.1170211,5.5594356,5.0149907,4.4887986,3.9862619,3.5124631,3.071406,2.6654633,2.2951642,1.9595066,1.6563872,1.3832891,1.13787,0.9180557,0.7221461,0.5485293,0.3952558999999999,0.2598789999999999,0.1395176,0.0311934999999999,-0.0677319999999999,-0.1591132,-0.2435911,-0.3202110000000001,-0.3867058,-0.4399539,-0.476727,-0.4941874999999999,-0.4904252,-0.4644348,-0.4160554,-0.3455216999999999,-0.2530035999999999,-0.1382279,-0.0004315,0.161726,0.350256,0.5680054999999999,0.8182572,1.1044531,1.4300473,1.7986833999999998,2.2142742,2.6811463,3.203792,3.7867104,4.434471,5.1521462,5.9455282,6.8211254000000014,7.7862443,8.849138800000002,10.0185987,11.3036469,12.7128993,14.2539548,15.932730500000002,17.7526768,19.7136466,21.811069,24.0361469,26.3765622,28.817460099999995,31.342001900000003,33.931482700000004,36.565364900000006,39.2222805
13.689296222222223,13.879440444444445,14.092457666666666,14.315509777777775,14.541533555555551,14.769873111111114,15.00428511111111,15.251856888888888,15.519755444444444,15.812976,16.132129222222222,16.472081777777774,16.822617111111114,17.16877088888889,17.49367977777778,17.78061877777778,18.015897555555554,18.190392222222226,18.30002333333333,18.345474777777778,18.330328,18.25971788888889,18.138525444444447,17.97063466666667,17.75863977777778,17.504368,17.209573666666667,16.876624444444445,16.508859,16.110601666666668,15.68705388888889,15.243899444444445,14.787004555555557,14.32216088888889,13.854954777777778,13.390776999999998,12.934890888888887,12.492441666666668,12.068433333333337,11.667545777777775,11.294125,10.952084333333335,10.644746222222222,10.37468611111111,10.143516444444446,9.951854,9.799412333333333,9.685058222222224,9.607091444444444,9.563377,9.551582777777776,9.569452444444444,9.614966333333332,9.68649622222222,9.782680666666668,9.902358666666666,10.04433011111111,10.207071,10.388564666666666,10.586206444444445,10.796814222222222,11.016783666666663,11.242213888888887,11.469188,11.694015555555556,11.91352277777778,12.125225111111112,12.327482333333332,12.519535888888887,12.701302000000002,12.87321988888889,13.036240555555556,13.191683777777778,13.341209333333332,13.486665999999998,13.63016911111111,13.774165555555555,13.921694333333331,14.07666911111111,14.244146999999998,14.430558444444449,14.643587555555555,14.89209688888889,15.18606488888889,15.536286666666667,15.954118,16.451096666666665,17.038724555555554,17.72817077777778,18.52999533333333,19.453933222222226,20.50859788888889,21.701395222222217,23.038187333333333,24.522812777777776,26.15683655555556,27.938665222222223,29.863047777777776,31.92124988888889,34.100614666666665,36.385529777777776
12.01915975,11.987133124999998,11.991362375,12.049398,12.184568375,12.420550375,12.772025,13.237711375,13.79715275,14.412668375,15.038511125,15.631223874999998,16.158037375,16.601412875,16.958554874999997,17.237475875,17.451619374999996,17.614303000000003,17.734094,17.812956375000002,17.84686375,17.828844375,17.752713125,17.6158225,17.4202935,17.172364375,16.881043875,16.556314124999997,16.207381125,15.841527,15.463611625,15.07636775,14.6813485,14.279786875,13.8733445,13.464378375,13.05607625,12.652363875,12.25762175,11.8759635,11.51036175,11.1621075,10.830641874999998,10.51411925,10.210129625000002,9.916221625,9.630159125,9.349957625,9.073833875,8.800264375000001,8.528019875,8.256151,7.984148624999999,7.711809875,7.438842375,7.164567,6.889405,6.612759750000001,6.330481499999999,6.05713325,5.80505575,5.552778375000001,5.30305675,5.069491375,4.853589875,4.656727,4.48053,4.325904125,4.19327125,4.082798374999999,3.99474,3.929685000000001,3.888959625,3.87488325,3.8898165,3.937982,4.023166125,4.14074425,4.311936625,4.562897125,4.851322499999999,5.166893125,5.53898425,6.001520999999999,6.560148625,7.208655875,7.959503000000001,8.82425325,9.81001125,10.921445749999998,12.179761625,13.58728125,15.108684124999998,16.767887249999998,18.578765,20.50510925,22.530899875000003,24.64173675,26.81443025,29.0255255,31.251665750000004
16.913524000000002,17.07697688888889,17.279696333333334,17.53707366666667,17.861069777777782,18.25567577777777,18.715210555555554,19.22407433333333,19.75709033333333,20.28388488888889,20.77186288888889,21.19023977777778,21.51333633333333,21.72222688888889,21.806832888888888,21.76578788888889,21.60534222222222,21.337938666666663,20.978869222222222,20.54490688888889,20.05215433333333,19.51545277777778,18.948397666666665,18.36308122222222,17.770380333333335,17.179172,16.596136,16.025152333333335,15.466852222222222,14.91904111111111,14.376650666666668,13.832881,13.28036688888889,12.712414111111112,12.124428555555555,11.514471333333333,10.88388766666667,10.236914444444444,9.57999522222222,8.921123,8.268651666666667,7.630540444444445,7.013588111111113,6.423198888888889,5.86324088888889,5.336286666666668,4.843925888888889,4.387214888888889,3.966951333333333,3.583615,3.237197,2.926949888888889,2.6511797777777777,2.407350333333333,2.1922344444444444,2.002255,1.8338057777777772,1.6835665555555557,1.548728111111111,1.4271672222222225,1.3175483333333335,1.219444777777778,1.1333935555555557,1.0606235555555557,1.002930111111111,0.9624952222222222,0.9417907777777776,0.943529,0.9705657777777776,1.0256292222222223,1.1112403333333334,1.2305152222222224,1.3852876666666667,1.5752955555555554,1.811300222222222,2.1012786666666665,2.4300946666666667,2.801400111111111,3.2312028888888893,3.722196333333333,4.277213111111112,4.901538555555557,5.599630222222221,6.376138777777778,7.235965555555556,8.18385322222222,9.224233555555555,10.36113888888889,11.59811788888889,12.938226666666669,14.383721333333334,15.935595666666664,17.592816000000003,19.35150511111111,21.204696444444444,23.142564555555552,25.152745,27.22126244444445,29.33321211111111,31.47376322222222,33.62944788888889
14.1641,13.822464333333336,13.6051935,13.547400666666666,13.677619166666666,14.003440333333332,14.505648166666669,15.14073,15.846567999999998,16.55811183333333,17.218049666666666,17.787313333333334,18.249969,18.609343166666665,18.883746833333333,19.09663283333333,19.26913516666667,19.41549033333333,19.541263333333333,19.64593183333333,19.72505633333333,19.77276766666667,19.783176,19.751321333333333,19.6737515,19.54848483333333,19.374575499999995,19.15149333333333,18.8786585,18.55563433333333,18.182631333333337,17.761603166666667,17.296804499999997,16.795134333333333,16.265555833333334,15.718016666666667,15.162320666666666,14.607376166666668,14.061215166666663,13.531117333333334,13.024025333333332,12.546787,12.106083333333332,11.708256833333332,11.359027666666668,11.063244166666667,10.8245315,10.644757833333337,10.523775166666669,10.45923316666667,10.446396666666669,10.478638833333331,10.548087666666667,10.646246,10.764671333333332,10.895403833333331,11.031089500000002,11.165160833333331,11.291632166666668,11.4051695,11.501247833333332,11.576307,11.627986666666668,11.6553405,11.658966,11.640964166666668,11.604705833333334,11.5547435,11.496432833333335,11.4356005,11.378346833333334,11.3309225,11.299636833333333,11.290855166666669,11.3107785,11.365332666666667,11.460052499999998,11.599870166666667,11.789081833333332,12.0316255,12.331462666666669,12.6927715,13.1201435,13.618597166666666,14.193837333333333,14.852351333333331,15.60117233333333,16.447617,17.3991055,18.463000166666667,19.646897166666665,20.958728166666667,22.406607333333337,23.99806833333333,25.73906483333333,27.632747,29.678000333333333,31.869387,34.196720666666664,36.64483633333334,39.194301
8.9797153,8.7959237,8.686845,8.6851979,8.8314574,9.1629681,9.7046357,10.4598672,11.403821099999998,12.488903399999998,13.6470845,14.8047342,15.890876699999998,16.8492225,17.6426661,18.2550934,18.6913715,18.9703552,19.1208274,19.1736624,19.1571319,19.0925233,18.9924126,18.8613659,18.6973796,18.4956568,18.2511109,17.961259000000002,17.626874700000002,17.2520698,16.8428198,16.4053223,15.944327300000005,15.4621249,14.958596199999995,14.4317428,13.879044,13.298635,12.690594399999998,12.057427699999998,11.4044473,10.7392376,10.0709548,9.4093158,8.763697700000002,8.1424457,7.552198,6.997746699999999,6.4818934,6.0058308,5.569438,5.1716336,4.810804499999999,4.4849149000000015,4.191821599999999,3.9294277,3.6958933,3.4897106,3.3096708,3.1548815,3.0245284,2.9178326,2.8338876,2.7717326,2.7302967,2.7084302,2.7049647,2.7189533,2.7499127000000003,2.7980791,2.8647419,2.952332,3.0645757,3.2063421000000005,3.3835044,3.6026997,3.8709933000000007,4.195706599999999,4.584217799999999,5.043758800000001,5.581127999999999,6.2023948,6.9126244,7.7155431,8.613629900000001,9.608076100000002,10.6989008,11.8851774,13.1651308,14.536409299999995,15.996279799999996,17.541922399999997,19.1705852,20.8797179,22.666902,24.5295989,26.464748499999995,28.4680569,30.5336697,32.653337699999994,34.8165345
13.743191,13.058020444444445,12.338760777777775,11.638219444444443,11.021746444444444,10.558387,10.309664333333332,10.318735666666669,10.604935888888887,11.161072555555556,11.952604111111109,12.920310555555554,13.988107555555557,15.074195666666665,16.101435111111112,17.00503777777778,17.737116666666665,18.26910577777777,18.59242922222222,18.716783555555555,18.66644977777778,18.47498611111111,18.18007788888889,17.81980522222222,17.42957688888889,17.039297555555557,16.671232777777774,16.339872333333332,16.052676555555554,15.810984888888887,15.61131988888889,15.447303111111111,15.311683444444444,15.197867111111114,15.10109277777778,15.018801222222224,14.949748444444444,14.892870111111112,14.84605622222222,14.806305222222225,14.77014888888889,14.733773777777778,14.693199555555552,14.645035333333333,14.58751522222222,14.52115188888889,14.448482555555556,14.37369833333333,14.302046555555556,14.239185888888889,14.190964555555556,14.162520333333331,14.157399666666668,14.177146,14.221412333333337,14.288308999999998,14.374216444444446,14.474160111111113,14.583191555555551,14.697521777777776,14.81457911111111,14.93174088888889,15.04472111111111,15.147421666666666,15.232089888888888,15.289429666666663,15.309863888888891,15.285673666666668,15.213121777777776,15.093884333333335,14.934421333333336,14.744067666666666,14.533452333333337,14.314380999999996,14.10232888888889,13.917672111111113,13.784050222222223,13.724055111111111,13.754817888888889,13.887030666666668,14.126695888888886,14.477185444444444,14.940742,15.519797888888888,16.218582777777776,17.043419222222226,18.00171155555556,19.099963222222225,20.341342222222224,21.72494011111111,23.24606,24.896904444444445,26.66740122222222,28.54585133333333,30.519375666666665,32.573998777777774,34.69413,36.86209055555556,39.05781455555555,41.25888944444444,43.44138422222223
7.925330000000001,6.967738125,6.037036125,5.16340975,4.389299125,3.763691125,3.330252375,3.119716125,3.1397030000000004,3.3751305,3.791499625,4.342436125,4.979509,5.658409750000001,6.343611375,7.008629,7.635202374999999,8.210763125000001,8.72636825,9.17540025,9.553082,9.856388125,10.0842175,10.237448,10.318806375,10.33246025,10.28360425,10.17780075,10.020429125,9.816424375,9.570330375,9.28662075,8.969904125,8.625011874999998,8.25698275,7.870947875000001,7.471981625000001,7.065034499999999,6.654805875,6.245714,5.841569375000001,5.445419,5.059348875000001,4.684412375,4.320766,3.96789075,3.625007,3.291307,2.96629975,2.650023625,2.34317825,2.047125625,1.763822625,1.495726375,1.2455357500000002,1.015998875,0.8096946250000001,0.628897125,0.4754848749999999,0.3510038749999999,0.25663625,0.1931604999999999,0.1610295,0.16036225,0.19089625,0.25215125,0.34345075,0.464029625,0.613048375,0.789742125,0.993681125,1.224949875,1.4843670000000002,1.7735118749999998,2.094912625,2.451953,2.8487582500000004,3.29015,3.78148475,4.3285955,4.937584125,5.614576499999999,6.365607000000001,7.196495749999999,8.112791625000002,9.119627,10.221612124999998,11.422647,12.725869,14.133597625,15.647211375,17.267176875,18.993055,20.823154,22.754297125,24.78150325,26.89758125,29.093073375,31.356244874999994,33.673046750000005,36.027728
21.293331875,21.136275125,20.959962125,20.775374,20.60216175,20.462267250000004,20.37850325,20.36737575,20.43914025,20.592489625,20.818993625,21.102036125,21.422975999999995,21.762633375,22.104993625,22.437350875,22.7512845,23.041377875,23.304731375,23.539410375,23.743472625000003,23.9141415,24.04767575,24.139587875,24.184951875000003,24.179038375,24.117698375,23.998095375,23.819159125,23.58186575,23.289003125,22.944792875,22.554219125,22.12266575,21.65543925,21.157904,20.6351295,20.0920645,19.5334545,18.964180125,18.389370875,17.814393624999997,17.244589,16.684659625,16.138478,15.608875375000004,15.097859625000002,14.606557125,14.135255625,13.6838025,13.251738500000002,12.838765875,12.44460325,12.069233375,11.71270625,11.37517225,11.056754374999995,10.757947625,10.47960725,10.223111875,9.99039775,9.783819,9.606408000000002,9.461777,9.35440775,9.289571124999998,9.272853625,9.309461874999998,9.403395625,9.557391125,9.77274125,10.049819625,10.388050625000002,10.786310875,11.242381375,11.753155375,12.31456425,12.9227125,13.5742775,14.267558125,15.002594875000002,15.781735000000005,16.60908775,17.490442625000004,18.432769250000003,19.44414625,20.533643875,21.7109315,22.98627,24.369152375,25.86807425,27.489196625,29.236625375000003,31.111415375000004,33.11240675,35.235216625,37.47338812499999,39.8180385,42.2574655,44.7772185,47.358612
17.4183161,17.233422599999997,17.096884900000003,17.050525800000003,17.136948999999998,17.3863189,17.8095754,18.3965667,19.1179526,19.9356572,20.8084878,21.6990285,22.5750565,23.4098818,24.1814913,24.8718725,25.4671208,25.9584655,26.342733400000004,26.622547899999997,26.8060299,26.9050501,26.933555999999992,26.905438,26.8326552,26.7241456,26.5854241,26.418824299999997,26.2238876,25.997893800000003,25.7364883,25.434596100000004,25.08759,24.6924497,24.2488054,23.7594367,23.2301683,22.6691441,22.0856717,21.4889562,20.887109100000004,20.2866924,19.6927511,19.1091902,18.5392983,17.9863167,17.453648199999996,16.9447745,16.462963100000003,16.0109239,15.590431900000002,15.202178999999996,14.845921499999998,14.5206197,14.224825,13.9569086,13.7152283,13.4981952,13.3042907,13.1321709,12.980598099999998,12.848347,12.7339444,12.6355707,12.5510412,12.4778319,12.4132604,12.3546437,12.299565,12.2461188,12.192986200000002,12.1395867,12.0862732,12.0343979,11.9865089,11.9466303,11.9203062,11.9144969,11.9373817,11.9981097,12.106435,12.2726698,12.507518,12.8217389,13.225977600000002,13.730473099999998,14.344801900000002,15.0778668,15.9378246,16.9320938,18.0670721,19.3478979,20.778236600000003,22.3597558,24.0916549,25.9703582,27.9886423,30.1355613,32.3963103,34.7518357,37.1802837
9.84652211111111,9.392134777777777,8.938644555555555,8.518448777777778,8.18533211111111,7.999996111111112,8.008895333333335,8.228178333333334,8.642219666666668,9.211259777777776,9.88404688888889,10.609654333333332,11.343845666666668,12.05167588888889,12.707748222222223,13.294651444444444,13.80122688888889,14.220854555555556,14.550195444444444,14.788642555555557,14.938207777777778,15.003463333333334,14.991499666666666,14.911547333333331,14.77387,14.588562,14.364378666666669,14.10781811111111,13.823052333333331,13.512584888888888,13.178258777777778,12.82226222222222,12.44777411111111,12.05911788888889,11.661587,11.26103611111111,10.86318911111111,10.473158222222224,10.095248111111111,9.732910666666667,9.388803,9.064778444444444,8.76206322222222,8.481428444444445,8.223211666666666,7.987216888888889,7.772769888888888,7.578824555555554,7.403941333333332,7.246359,7.104093555555556,6.975140888888888,6.857822555555555,6.751033666666666,6.654110111111112,6.5668213333333325,6.489199222222222,6.421255666666666,6.362978999999999,6.314107777777777,6.274094666666667,6.242184000000001,6.217459,6.199025222222223,6.186199222222222,6.178822777777778,6.17752311111111,6.183994333333334,6.201272333333333,6.233718444444445,6.287170888888888,6.369091777777778,6.488375,6.655131888888889,6.880159111111112,7.174167555555556,7.546954555555555,8.006846111111109,8.559903222222223,9.209641666666666,9.957250777777778,10.802503333333332,11.744865555555556,12.784221444444444,13.921535,15.159049111111113,16.499753666666667,17.94679988888889,19.503148888888884,21.171405333333336,22.95389155555556,24.852324888888887,26.86730688888889,28.997709,31.240005777777775,33.588082222222226,36.03290255555556,38.56183566666667,41.157842888888894,43.799442,46.46143266666667
