3.2015858,2.845262,2.5568194,2.3739566999999995,2.3371013,2.4756443,2.7950657,3.2770723000000004,3.8840201,4.569242099999999,5.2865368,5.9947189000000005,6.660203299999999,7.2572065,7.767337799999998,8.1795159,8.4896992,8.700100299999999,8.818166000000002,8.854936200000001,8.8232963,8.736489899999999,8.6070434,8.4460996,8.262859700000002,8.0640176,7.853283500000002,7.631432399999999,7.396813999999999,7.146810599999999,6.879393200000001,6.5942818,6.2935981,5.9817717,5.6650209,5.3505079,5.045412499999999,4.7563247,4.4887312,4.2467489,4.0328546,3.847625700000001,3.6899745,3.5575556999999995,3.4475514999999994,3.3576147999999995,3.2863325000000003,3.2332637000000006,3.1984896000000003,3.1820403,3.1833609000000003,3.2008687,3.2317358,3.2721908,3.3179318,3.3647705,3.4091741,3.4483228,3.4801008,3.5028682000000004,3.5153355,3.5165566,3.5062862000000004,3.4853495000000003,3.4558215,3.4209401,3.3850004,3.3530752999999995,3.3306868,3.3235728,3.3374828,3.3782558,3.4517036,3.5631935999999995,3.7173252,3.9177234,4.1671208,4.467466999999999,4.8199641,5.2250186,5.6822661000000005,6.191053600000001,6.7512680000000005,7.364231600000001,8.0335518,8.765775199999998,9.5705419,10.460301500000003,11.449446,12.5526007,13.7829789,15.150706799999998,16.661803900000002,18.3178869,20.1158662,22.0474344,24.0991093,26.252668000000007,28.4858114,30.7732573,33.0891725
17.3692575,17.835963874999997,18.369402625,18.993594124999998,19.723379125,20.559145625,21.484748375,22.470259875,23.476912125,24.4642195,25.396896875,26.248688125,27.003849375,27.65561175,28.202899375,28.647618125,28.991967125,29.23756475,29.384921875,29.433894625,29.384625125,29.238009,28.99618525,28.662782,28.2434965,27.746358875,27.18100675,26.55729575,25.884208625000003,25.169739,24.42185575,23.647992750000004,22.85500375,22.04948575,21.236859625,20.4214825,19.607249,18.79736175,17.994343875000002,17.20105825,16.421629375,15.661578625,14.927246625,14.22474625,13.55892225,12.934206625000002,12.3548865,11.824110625,11.342526125,10.90761525,10.513797750000002,10.153318250000002,9.819775,9.509180625,9.21137675,8.927668749999999,8.671589124999999,8.427406750000001,8.1835885,7.967402999999999,7.7758575,7.59606,7.436686624999999,7.300538499999999,7.189674375,7.102002874999999,7.04677725,7.035181375,7.0544326250000005,7.102462625,7.17892675,7.282157,7.412863,7.573402,7.764559625,7.991304750000001,8.261106499999999,8.56901275,8.912418124999999,9.294453,9.730630125,10.218219,10.754773750000002,11.3476315,12.00187,12.723185875,13.518032875,14.392722375000002,15.353762,16.407975500000003,17.562706125000002,18.825693125,20.20436275,21.704885250000004,23.33113675,25.08364225,26.958678375,28.94791825,31.038271125,33.212609500000006,35.451075125
9.1781888,8.694377200000002,8.2804158,7.974612,7.814829399999999,7.829192399999999,8.032524800000001,8.4221536,8.9779278,9.666279,10.4429824,11.259536399999998,12.067309,12.822249599999996,13.4881606,14.0393362,14.461522000000002,14.752016800000002,14.9186448,14.9765492,14.9457206,14.847450599999998,14.702315,14.528140400000002,14.339277199999998,14.146247399999998,13.9554404,13.769705599999998,13.5885472,13.4085574,13.2241424,13.0279968,12.812275999999995,12.569403,12.2932054,11.9794608,11.6266434,11.2358024,10.8106118,10.3568498,9.8815828,9.3925962,8.897401200000001,8.4027904,7.914199000000001,7.435606999999999,6.9696478,6.517827199999999,6.081132200000001,5.660333,5.2564842,4.8710598,4.5060898,4.1640432,3.8475918,3.559264,3.301126,3.0745978000000003,2.880387,2.7185372,2.5883412,2.4885398,2.4174130000000003,2.3731704,2.3541316,2.3588796000000003,2.3863498,2.4358060000000004,2.5069032,2.5997492,2.7148758,2.8531806,3.0157096,3.2035094,3.4175581999999998,3.6587856,3.9282412,4.2272316,4.5574068,4.920855600000001,5.320135199999999,5.758401000000001,6.239421999999999,6.767739000000001,7.348698000000001,7.988573,8.694669,9.4752356,10.3391568,11.2956928,12.354050399999998,13.5226752,14.8084862,16.215945400000003,17.746201,19.397009000000004,21.1624902,23.0332178,24.9968094,27.037990200000003,29.1399438
16.7601948,16.682707399999998,16.6891408,16.7842076,16.976785600000003,17.2734351,17.6748873,18.171888700000004,18.7441221,19.362695499999997,19.9929587,20.6004771,21.1542093,21.6307012,22.0146388,22.2995898,22.4864883,22.5812838,22.5925721,22.5290938,22.3984938,22.2066868,21.9584359,21.6580549,21.3103399,20.920910900000003,20.4961554,20.0423589,19.5647099,19.0667207,18.5500211,18.0148643,17.4607483,16.887233900000002,16.294494899999997,15.683742900000002,15.0573172,14.4184399,13.7708863,13.1184303,12.4644247,11.811468899999998,11.1614047,10.5155384,9.8750905,9.2416669,8.6175556,8.005726000000001,7.4094937,6.8320599,6.276304999999999,5.7446169000000005,5.2389083,4.760666400000001,4.3110426,3.8907952999999993,3.5002486,3.1391551,2.8066833,2.5016324,2.2228949000000005,1.9696979000000003,1.7418524000000002,1.5398273,1.3648730999999998,1.2189055000000002,1.1043727,1.0240259000000005,0.9809906,0.9787384,1.0211868000000002,1.1123603999999998,1.2562171000000002,1.4563689000000002,1.7159633000000003,2.0375500000000004,2.4228915,2.8730573000000006,3.3884922000000004,3.9694375000000006,4.6163841,5.3307061,6.1151268,6.973914499999999,7.913014100000001,8.939546,10.0614581,11.2866446,12.6226002,14.0758545,15.651871,17.3544621,19.1848462,21.1411395,23.2172011,25.403179700000003,27.6853642,30.0465851,32.4667248,34.9222081,37.386934
11.29111725,10.72301275,10.1888885,9.70075375,9.27870925,8.944060749999998,8.71281375,8.59133925,8.5747345,8.6503345,8.79955675,9.001224,9.233236,9.474378,9.7057745,9.91191975,10.08086475,10.2039915,10.27537775,10.29169875,10.25206775,10.15772975,10.0119005,9.8186525,9.58213,9.3060695,8.99366825,8.6478575,8.2715855,7.86803675,7.4407425,6.993982,6.53300575,6.06385425,5.59298325,5.12671325,4.67101875,4.23109775,3.81122775,3.4146565,3.043906,2.7008080000000003,2.38690425,2.10294325,1.84853475,1.6219545,1.4203787500000002,1.24071525,1.080017,0.93613725,0.807443,0.6926524999999999,0.590708,0.5007237500000001,0.422324,0.35568,0.3015259999999999,0.26063175,0.23373575,0.2212052499999999,0.2233014999999999,0.2401964999999999,0.27249625,0.32117175,0.38772775,0.47385875,0.581175,0.71088725,0.863644,1.040024,1.240843,1.46785325,1.723926,2.0131745,2.340559,2.71177875,3.132851,3.609917250000001,4.14867825,4.75387375,5.42919825,6.177501749999999,7.0015505,7.904848250000001,8.892026000000001,9.969103,11.14317325,12.42182925,13.8121345,15.32004125,16.94962425,18.702718,20.5787785,22.574305,24.68246025,26.89323575,29.19299175,31.565423,33.9924975,36.4554655,38.9360075
8.436514222222222,8.103075222222222,7.855820888888889,7.712536333333334,7.697866555555556,7.834079777777777,8.132462666666667,8.587430333333334,9.173298555555556,9.85154922222222,10.576732111111111,11.306964555555554,12.00852388888889,12.658895555555551,13.245225444444443,13.761204111111107,14.204224777777778,14.57313222222222,14.86734588888889,15.087031777777778,15.233304444444444,15.308399,15.315417111111111,15.257707000000002,15.13847188888889,14.960425333333331,14.725990777777778,14.43773688888889,14.09901922222222,13.714507444444443,13.290559666666669,12.835082444444446,12.357175111111111,11.866425777777778,11.372298555555554,10.883748,10.408902222222222,9.955045666666669,9.528607444444445,9.135218888888891,8.779712333333332,8.466129111111108,8.197598444444445,7.976218888888888,7.803023333333332,7.678062444444444,7.600454222222221,7.568574333333334,7.580237777777778,7.632801333333333,7.723375333333332,7.848934666666667,8.006337777777778,8.192360444444445,8.403608111111112,8.636349,8.886519333333332,9.149737777777776,9.421521333333333,9.69740677777778,9.973035888888887,10.244441333333333,10.508188666666666,10.761630777777777,11.002994222222222,11.231356444444444,11.44648288888889,11.648684666666666,11.838790555555557,12.018089111111111,12.188216444444445,12.35112111111111,12.508926,12.664120666666667,12.81974488888889,12.979383777777777,13.147305888888887,13.32835977777778,13.528037222222222,13.752471111111111,14.008533555555555,14.303768666666665,14.64622622222222,15.044394111111112,15.507014666666668,16.043013,16.661319111111116,17.370672,18.179523666666668,19.09593322222222,20.127464666666665,21.281090888888887,22.562906,23.97763022222222,25.52757377777778,27.21216233333333,29.02685444444444,30.963007666666662,33.00821411111111,35.14648388888889,37.35949666666667
9.601545,9.72282975,9.855107625,10.021308499999998,10.251300625,10.574975,11.01114225,11.561582625000002,12.20747425,12.912547750000002,13.633007875,14.32555175,14.955880375,15.50211725,15.95481625,16.315321375,16.5917255,16.794631125000002,16.933615624999998,17.014676125,17.0398575,17.008236875,16.917655375,16.766768875,16.556236249999998,16.289098749999997,15.9703805,15.60653525,15.205001375,14.773540125,14.319666375,13.850087374999998,13.370458,12.88542575,12.398778000000002,11.913578,11.432366125,10.957320374999998,10.490118125,10.031762375,9.582534875,9.141981,8.709366,8.284280125,7.866856875,7.45783925,7.058515625000001,6.670489125,6.295651375,5.936066875000001,5.593873374999999,5.2713751250000005,4.970831875,4.694222,4.443096,4.218462124999999,4.0207185,3.849527625,3.703861375,3.5821007500000004,3.482168375,3.4018901250000004,3.339368625,3.293017375,3.261606625,3.244025625,3.2392116250000003,3.2459981250000003,3.263254625,3.290039125,3.3259523749999995,3.37165925,3.429243875,3.5020888750000005,3.5947201250000003,3.712862375,3.86307675,4.052338625,4.2878715,4.57744975,4.929327875,5.352306375,5.855757874999999,6.449450624999999,7.143038375,7.945860875,8.866607375000001,9.91289875,11.090869500000002,12.40473125,13.856021750000002,15.442950375,17.159496125,18.9954475,20.936934,22.967433375,25.069201375,27.223568500000003,29.4109115,31.610568875,33.801733875000004
12.034121555555554,12.220088444444444,12.430476333333337,12.697254111111112,13.051597444444443,13.515241333333332,14.098804888888887,14.794796999999996,15.58125011111111,16.421188222222224,17.26952511111111,18.078064999999995,18.802618444444445,19.40732177777777,19.869045555555555,20.177923222222223,20.33655588888889,20.357985222222226,20.261283444444445,20.068691222222224,19.80178,19.47988333333333,19.11811488888889,18.72756177777778,18.315031666666663,17.883852777777776,17.434853555555556,16.96751811111111,16.481259888888886,15.976181555555558,15.453510666666666,14.915215333333334,14.363373,13.79925,13.222763222222223,12.632374000000002,12.025511111111111,11.399255555555555,10.75126388888889,10.080502,9.387905666666668,8.676519666666668,7.951404888888888,7.219110666666667,6.487219777777778,5.763594888888889,5.055897666666666,4.371086111111111,3.715088333333333,3.092639444444444,2.507308111111111,1.9616552222222223,1.4575431111111112,0.9963996666666668,0.5794655555555556,0.2079016666666666,-0.1171078888888889,-0.3945037777777778,-0.6235208888888889,-0.8038078888888889,-0.935546,-1.0194805555555555,-1.0569364444444445,-1.049734777777778,-1.000053111111111,-0.9103007777777776,-0.7828617777777778,-0.6199425555555556,-0.4232297777777777,-0.1937587777777777,0.0683824444444444,0.3639475555555555,0.6944205555555555,1.0617845555555556,1.4682629999999997,1.9162546666666669,2.4082436666666664,2.946808111111111,3.534579777777778,4.174423111111111,4.869496777777778,5.623464333333335,6.440615,7.325910222222223,8.284797222222222,9.322851,10.445282555555558,11.656408222222222,12.959261777777778,14.35543088888889,15.84459477777778,17.42458533333333,19.09094866666667,20.837111,22.654583444444444,24.53331777777778,26.46235611111111,28.430303666666667,30.42601855555556,32.438970777777776,34.45965133333333
10.830754400000002,10.7300225,10.7680788,10.9539309,11.296812,11.7960331,12.4367289,13.1872227,14.0018635,14.829485899999998,15.620601699999998,16.3373715,16.957403900000003,17.4763233,17.904117499999998,18.25928,18.5623431,18.8298966,19.071706800000005,19.2900683,19.4814616,19.639209,19.755969200000003,19.8255007,19.843347900000005,19.8068019,19.7144521,19.565833500000004,19.3610471,19.100567200000004,18.785419,18.4174997,18.0001589,17.5386471,17.0401551,16.5135539,15.9685722,15.4150717,14.8624508,14.3193119,13.7934684,13.2921658,12.822187200000002,12.3898054,12.0006433,11.6593815,11.3696062,11.1335057,10.9517701,10.8235873,10.746726,10.717543699999998,10.7311388,10.781452500000002,10.8614202,10.963219,11.078627399999998,11.199481700000002,11.3181199,11.427748,11.522687499999998,11.598411099999998,11.6516576,11.680611199999998,11.684974299999997,11.666049999999998,11.6265628,11.5703973,11.5025133,11.4287916,11.355838,11.2909242,11.2416517,11.2156469,11.2201352,11.2615511,11.345350900000003,11.475836400000002,11.6564979,11.8902879,12.1800885,12.5292938,12.9420662,13.4233078,13.978675500000003,14.614380700000003,15.336800399999998,16.1521986,17.066599399999998,18.0859583,19.2163507,20.4640551,21.8353723,23.336306099999995,24.9717761,26.745129700000007,28.6570324,30.7046648,32.881542100000004,35.176768900000006,37.5756774
7.6514164,7.485386899999999,7.415199800000001,7.462048500000002,7.656026099999998,8.026548299999998,8.5944586,9.3624921,10.3098822,11.3942448,12.5539612,13.720100100000002,14.824711400000004,15.8119908,16.6427557,17.298881,17.7810761,18.1056585,18.299119999999995,18.3915538,18.4114408,18.3809124,18.3139871,18.2158564,18.0848369,17.915084600000004,17.6998061,17.434029900000002,17.116039100000002,16.747871699999997,16.3343446,15.8817883,15.3964848,14.8837336,14.347374399999998,13.789828699999996,13.212624599999998,12.617038099999998,12.004971299999998,11.3796186,10.7460116,10.1108369,9.4820077,8.8678968,8.2764554,7.714615999999999,7.1878107,6.6999252,6.2533082,5.8489299,5.4865446,5.1647756,4.8813533,4.6333265,4.4173837,4.230034600000001,4.0678307,3.9274279,3.8057942,3.7003271,3.6089308,3.5300292,3.4625485,3.4059073,3.3599846,3.3251596,3.3023070000000003,3.2928588000000003,3.2987408,3.3225223,3.3675194,3.4377739,3.5381440000000004,3.6741368,3.8518156,4.077676899999999,4.3585009,4.7011878,5.112515699999999,5.598833099999999,6.1657597,6.8179292,7.5589599,8.3913521,9.3165837,10.3351186,11.446329600000002,12.6485734,13.9394107,15.316004700000002,16.7755521,18.315531400000005,19.9337234,21.6279889,23.3958921,25.234378900000003,27.139364,29.1052274,31.1247296,33.1885931,35.2856035
11.6173535,11.016614,10.433787166666669,9.906911,9.503492166666666,9.2773015,9.271462,9.509135666666667,9.989213666666666,10.685267333333334,11.5476375,12.511725833333337,13.509560833333332,14.477917833333334,15.363324166666668,16.124897333333333,16.734043166666666,17.174553333333332,17.441327166666664,17.538886166666664,17.479325000000003,17.281887166666667,16.972709833333333,16.58426066666667,16.153195666666665,15.7171925,15.310397166666666,14.958443,14.675620666666669,14.465062666666666,14.320391333333331,14.2297845,14.179889333333334,14.158468166666667,14.1554685,14.1622785,14.171169666666666,14.175608833333332,14.170743666666668,14.153732833333333,14.122902000000002,14.077040666666669,14.015215499999998,13.936741333333336,13.841874333333331,13.7327795,13.613684833333332,13.490607333333337,13.3705375,13.260271166666667,13.165006,13.0877955,13.029920333333331,12.991579166666668,12.972398,12.9710235,12.984883166666664,13.010809833333331,13.045979166666667,13.088425833333334,13.137209500000004,13.191917833333331,13.251204333333334,13.3115365,13.36804,13.415042,13.4463785,13.455604666666664,13.437346,13.389977666666669,13.317447333333332,13.227873333333331,13.1318525,13.041556666666668,12.972268833333336,12.942280833333331,12.970403000000005,13.072869333333331,13.262262666666668,13.547340833333331,13.9328475,14.420099833333332,15.009130666666666,15.700652166666666,16.496927333333332,17.401745166666668,18.41944,19.554389,20.81040433333333,22.190375666666668,23.69558483333333,25.324037333333333,27.06964783333333,28.92303533333333,30.873284833333333,32.907929333333335,35.012034666666665,37.1674875,39.353403,41.54673833333333,43.7233645
4.281892714285713,3.607731714285714,2.940616857142857,2.3006062857142857,1.7213828571428569,1.2461394285714285,0.9178037142857144,0.7718427142857143,0.8254124285714285,1.0760999999999998,1.5009302857142857,2.062797571428572,2.7184865714285715,3.425477857142857,4.147234857142857,4.854661,5.526105428571428,6.145894571428571,6.702634285714285,7.188134428571429,7.596760285714287,7.925262285714287,8.172934999999999,8.341401142857142,8.434361714285712,8.45695442857143,8.415113571428572,8.31497857142857,8.162329285714288,7.962345714285715,7.719479142857142,7.437658428571429,7.120403857142857,6.771084714285714,6.393287285714286,5.991005571428572,5.568925571428571,5.132343428571429,4.686890571428572,4.238112571428571,3.790976571428572,3.349519,2.916702857142857,2.494535,2.084323714285714,1.6868512857142857,1.3027112857142855,0.9326037142857144,0.577568142857143,0.2391771428571429,-0.0803674285714285,-0.3782607142857143,-0.6512892857142857,-0.8960187142857142,-1.1090680000000004,-1.2874105714285715,-1.4285681428571428,-1.5309102857142858,-1.593749,-1.6173074285714288,-1.602657857142857,-1.5514731428571429,-1.4659232857142857,-1.348352,-1.2011094285714286,-1.0263331428571427,-0.8257764285714284,-0.6007124285714285,-0.3517462857142857,-0.0788208571428571,0.2189778571428571,0.5434824285714287,0.8973621428571429,1.2841082857142858,1.707774714285714,2.172775428571428,2.683721571428572,3.2453405714285712,3.862354428571429,4.539399,5.280892857142858,6.0908997142857135,6.973103714285714,7.930888,8.967356714285716,10.085521714285711,11.288196714285714,12.577782,13.956182428571427,15.424536000000002,16.98305771428571,18.63092628571429,20.366279,22.186201000000004,24.08649385714286,26.061740285714283,28.10497871428572,30.20750214285714,32.358860285714286,34.54655485714285,36.756384857142855
21.15484811111111,21.256639222222223,21.349611555555555,21.435782,21.525129333333336,21.63062988888889,21.767403444444444,21.947716777777774,22.180217,22.466412,22.80255922222222,23.178353111111107,23.580724777777775,23.99474077777778,24.406508666666664,24.804026888888885,25.17789644444445,25.521023555555555,25.828529666666668,26.097071555555555,26.32462855555556,26.50957122222222,26.65020333333333,26.744130666666667,26.788137777777777,26.777930333333337,26.708645555555552,26.575425555555555,26.374272666666663,26.10293433333333,25.76135233333333,25.352268111111112,24.88110744444445,24.35569511111111,23.78555122222222,23.18092222222222,22.551957555555557,21.90787888888889,21.25652222222222,20.604214888888887,19.95590822222222,19.315451888888887,18.685593222222224,18.068265888888888,17.46444588888889,16.874601555555557,16.298804555555552,15.737315555555556,15.190798777777776,14.660638666666667,14.148695555555555,13.65720911111111,13.188552333333336,12.745089555555555,12.329158111111113,11.942855333333334,11.588013777777778,11.266181,10.97877688888889,10.727198444444443,10.51312622222222,10.338409666666667,10.20524811111111,10.116093333333332,10.073554333333334,10.079507666666665,10.135133000000002,10.240168777777775,10.393664444444443,10.594235666666668,10.840650222222225,11.13239811111111,11.469451,11.852459333333334,12.28200522222222,12.758779333333331,13.283105444444445,13.85529422222222,14.475439666666666,15.144012333333333,15.86237011111111,16.633328333333335,17.46172233333333,18.354242,19.319028222222222,20.364629666666666,21.49911788888889,22.72953855555556,24.061300444444445,25.498563111111107,27.044285555555557,28.70061088888889,30.468910777777776,32.349066666666666,34.33951611111112,36.43620966666666,38.633011,40.92146244444445,43.29040744444445,45.72628911111112,48.212243
16.3324623,16.4989864,16.6502487,16.822006899999998,17.0558179,17.3868431,17.838975100000003,18.4173937,19.1103683,19.8934954,20.734867800000004,21.6022441,22.465781,23.300670500000003,24.0861327,24.8055373,25.4454153,25.995280200000003,26.4485069,26.8026602,27.0597194,27.2260205,27.31075789999999,27.325044299999995,27.279938500000004,27.1853899,27.0490992,26.8760706,26.668660900000003,26.4266668,26.1480849,25.829591400000005,25.4674481,25.058346000000004,24.600372,24.09389,23.541774,22.949639800000003,22.3249299,21.6763037,21.0126655,20.3425001,19.6732835,19.0113659,18.3620444,17.7297055,17.1182093,16.531148799999997,15.971981500000002,15.443898399999998,14.9496161,14.491144100000003,14.0696191,13.6852159,13.3372524,13.024290099999998,12.7443371,12.4951255,12.274357899999998,12.0797854,11.9092468,11.7607205,11.6323658,11.5224931,11.4294921,11.3519048,11.2884305,11.2379211,11.199513499999998,11.172692,11.157285599999998,11.1534083,11.1615942,11.182806800000002,11.218580200000002,11.2712118,11.3438255,11.4403854,11.565898900000002,11.7262496,11.9282102,12.179419499999998,12.4881412,12.863200700000002,13.3136093,13.8483434,14.4761786,15.205564600000002,16.044429299999997,17.0000693,18.0791086,19.2871465,20.628547,22.1062135,23.7206822,25.4699307,27.3488817,29.348688900000003,31.4573285,33.6591868,35.9360237
10.6243003,10.3298102,10.0683763,9.8579652,9.7334565,9.7371409,9.9032306,10.2445711,10.7498484,11.387221,12.113101999999998,12.8816848,13.6510031,14.3869043,15.0649863,15.670098500000003,16.1942977,16.634604399999997,16.990997099999998,17.265155799999995,17.459887900000005,17.579004299999998,17.6274833,17.611537300000002,17.5383181,17.4151759,17.2487207,17.0441122,16.8050619,16.534349499999998,16.2343439,15.9072409,15.5551218,15.1801317,14.7849606,14.373163,13.949037099999998,13.517468000000004,13.0834275,12.6514228,12.225364,11.8084173,11.4029949,11.010999699999998,10.6341977,10.2744322,9.9335479,9.6131021,9.3139637,9.0363159,8.7799129,8.5442084,8.3283527,8.131250099999999,7.9518648,7.789319700000002,7.6429335,7.5119552,7.3954019,7.2920653999999985,7.2005977,7.119666500000001,7.0479647,6.9845244,6.929002200000001,6.881953299999999,6.844955700000002,6.8205927000000015,6.812469299999999,6.825260899999999,6.864918099999999,6.938706599999999,7.054998599999999,7.222953599999999,7.4521044,7.7519033,8.131060299999998,8.5967957,9.154634,9.8085548,10.5614168,11.4155899,12.3733793,13.437339400000004,14.6104823,15.8958193,17.2960244,18.81337,20.4496864,22.206374600000004,24.0838345,26.0810011,28.1952099,30.4220624,32.7552546,35.186053099999995,37.7025699,40.2891993,42.9264457,45.5913891,48.2585484
