-0.2164094,-0.3027778,-0.2617644,-0.1942352,-0.2283214,-0.2981778,-0.2366162,-0.0934644,-0.0334361999999999,-0.0423186,-0.0503329999999999,-0.0423624,-0.021878,-0.0031043999999999,0.0202904,0.0480436,0.0793639999999999,0.1060706,0.1308956,0.1606754,0.194182,0.2271302,0.255837,0.2743834,0.2801082,0.2751032,0.2627464,0.2466312,0.229657,0.2133112,0.1984944,0.1859206,0.1750226,0.1665786,0.1612362,0.1575679999999999,0.1553734,0.1540298,0.1526174,0.1503766,0.1476326,0.1439748,0.1394603999999999,0.1333574,0.1257566,0.1168902,0.1071689999999999,0.0964739999999999,0.085247,0.073876,0.0621863999999999,0.0520756,0.042404,0.033297,0.0258664,0.0197966,0.0150832,0.0118734,0.010363,0.0101746,0.0107864,0.0138216,0.0199712,0.0263274,0.0337202,0.0416898,0.0495692,0.0573793999999999,0.0639112,0.0692818,0.072138,0.0726922,0.0719568,0.0712946,0.0733803999999999,0.0813874,0.0985988,0.1257148,0.1612203999999999,0.2031203999999999,0.2488204,0.2961848,0.3429046,0.3878743999999999,0.4299978,0.4659236,0.4917437999999999,0.5043906,0.5008564000000001,0.4785584,0.436256,0.3779188,0.311785,0.2468885999999999,0.1925104,0.152008,0.12052,0.0905082,0.0528229999999999,0.0124566,-0.0210848
0.0595987999999999,0.0960134,0.1283101999999999,0.1457175999999999,0.1743306,0.2229422,0.281111,0.3301118,0.3594115999999999,0.3801562,0.3998803999999999,0.4161814,0.4220117999999999,0.4183156,0.409455,0.3958387999999999,0.3768264,0.3537981999999999,0.3286882,0.3040124,0.2806554,0.2592804,0.2411514,0.2259778,0.212726,0.2000788,0.1869582,0.1738217999999999,0.1595316,0.1429476,0.125082,0.1065994,0.0871443999999999,0.0667676,0.0463327999999999,0.0265416,0.0083154,-0.008516,-0.0242244,-0.0384993999999999,-0.0508332,-0.0612112,-0.0695654,-0.0772278,-0.0840665999999999,-0.0895248,-0.094194,-0.0977438,-0.1005126,-0.103706,-0.1063364,-0.1082053999999999,-0.1103006,-0.112635,-0.1146788,-0.1165942,-0.1188844,-0.1214032,-0.1244088,-0.128219,-0.1324444,-0.1369969999999999,-0.1421766,-0.1478742,-0.1537364,-0.160066,-0.166424,-0.1726648,-0.1790512,-0.1845732,-0.1891478,-0.192983,-0.1947848,-0.1942318,-0.191469,-0.1864547999999999,-0.1778126,-0.1647732,-0.1476162,-0.1250854,-0.0956112,-0.0596953999999999,-0.0174336,0.0312772,0.0850598,0.141351,0.1964998,0.2469695999999999,0.288725,0.3176326,0.331205,0.3281391999999999,0.3086103999999999,0.2748558,0.2302228,0.1764994,0.1161243999999999,0.0548916,0.0008002,-0.0655159999999999,-0.1051246
-0.0034075714285714,0.0442891428571428,0.0435065714285714,-0.0258447142857142,-0.0260045714285714,0.0774841428571428,0.1989801428571428,0.2668341428571428,0.2938942857142857,0.3135554285714285,0.344395,0.383362,0.4189851428571429,0.4494075714285714,0.4768921428571429,0.4979307142857143,0.5083828571428571,0.5057951428571429,0.4885157142857143,0.4565848571428572,0.4124651428571428,0.3584567142857143,0.2971402857142857,0.2314111428571428,0.1648468571428571,0.1006245714285714,0.0405817142857142,-0.0144837142857142,-0.0627109999999999,-0.1038474285714285,-0.1381672857142857,-0.16544,-0.1863708571428571,-0.2014612857142856,-0.2106762857142856,-0.2149782857142857,-0.2156255714285714,-0.2132372857142857,-0.2080432857142857,-0.2004891428571428,-0.1920958571428571,-0.1828984285714285,-0.1730141428571428,-0.1634187142857142,-0.1544667142857143,-0.14713,-0.1416085714285714,-0.1370239999999999,-0.1339649999999999,-0.1326932857142857,-0.1328727142857143,-0.1342195714285714,-0.1369118571428571,-0.1405705714285714,-0.1450081428571428,-0.1508291428571428,-0.1575178571428571,-0.1638868571428571,-0.1699891428571428,-0.1754308571428571,-0.1791819999999999,-0.1815105714285714,-0.1830722857142857,-0.1837155714285714,-0.1829877142857143,-0.1822652857142857,-0.1828897142857143,-0.1846108571428571,-0.1865645714285714,-0.190049,-0.1957042857142857,-0.2026298571428571,-0.2102095714285714,-0.2185544285714285,-0.2270427142857143,-0.2338704285714286,-0.2380601428571428,-0.2383687142857143,-0.2328174285714286,-0.2200292857142857,-0.1995128571428571,-0.1712367142857143,-0.1358347142857143,-0.0939664285714285,-0.0465584285714285,0.0031145714285714,0.0535691428571428,0.1034635714285714,0.149276,0.1870547142857142,0.2156981428571429,0.2336177142857143,0.2355985714285714,0.2220478571428571,0.1962054285714285,0.1581062857142857,0.1065284285714286,0.0460272857142857,-0.0070514285714285,-0.078086,-0.115315
-0.0529983333333333,-0.0368191111111111,-0.0201073333333333,-0.0683324444444444,-0.1032424444444444,-0.0678024444444444,-0.0281805555555555,-0.0134484444444444,-0.0087028888888888,0.002983,0.0136321111111111,0.0235885555555555,0.0330045555555555,0.041038,0.0474923333333333,0.0517841111111111,0.0535466666666666,0.0540803333333333,0.0542235555555555,0.0537234444444444,0.0523283333333333,0.0490921111111111,0.0438664444444444,0.0368678888888888,0.0285928888888888,0.0184427777777777,0.0076174444444444,-0.0045061111111111,-0.0163967777777777,-0.0264666666666666,-0.0367513333333333,-0.0461936666666666,-0.0538046666666666,-0.0600997777777777,-0.0646561111111111,-0.0674823333333333,-0.0684654444444444,-0.0677213333333333,-0.0662625555555555,-0.0641227777777777,-0.0615687777777777,-0.0598169999999999,-0.0583505555555555,-0.0565051111111111,-0.0554507777777777,-0.0557677777777777,-0.0572333333333333,-0.0604796666666666,-0.0655176666666666,-0.0715788888888888,-0.0783765555555555,-0.0860278888888888,-0.0945773333333333,-0.1040645555555555,-0.1144062222222222,-0.1247212222222222,-0.1345428888888889,-0.1444079999999999,-0.1531487777777777,-0.1606728888888889,-0.1678465555555555,-0.1742347777777777,-0.1794818888888888,-0.1842468888888889,-0.188650111111111,-0.1928178888888888,-0.1971482222222221,-0.2021735555555555,-0.207417111111111,-0.2126287777777778,-0.2180371111111111,-0.2229746666666666,-0.2268333333333333,-0.2279351111111111,-0.2256575555555555,-0.2194345555555555,-0.2084656666666666,-0.1920824444444444,-0.1699125555555555,-0.1426098888888889,-0.1104916666666666,-0.076099,-0.0409229999999999,-0.0039504444444444,0.0341123333333333,0.0711627777777777,0.1078104444444444,0.1427941111111111,0.1728677777777777,0.1960965555555555,0.209758,0.21311,0.2096092222222222,0.2006098888888888,0.1836328888888888,0.1618372222222222,0.1382505555555555,0.1020395555555555,0.0635972222222222,0.0256422222222222,-0.0061001111111111
-0.044344,-0.0652512,-0.0638994,-0.108057,-0.1401412,-0.0982474,-0.0229163999999999,0.0303857999999999,0.0674694,0.1066852,0.1529366,0.2029258,0.2509498,0.2942232,0.328018,0.352876,0.3712635999999999,0.382927,0.382463,0.368173,0.3446382,0.3150564,0.2834888,0.2510138,0.2176502,0.1842164,0.1497984,0.1159659999999999,0.0839483999999999,0.0531383999999999,0.024241,-0.0005621999999999,-0.0214382,-0.0399143999999999,-0.0551608,-0.0682274,-0.0785922,-0.08638,-0.0923738,-0.0978034,-0.1024659999999999,-0.1062098,-0.1094489999999999,-0.1124186,-0.1158844,-0.1191342,-0.1228074,-0.1261664,-0.1288416,-0.1315141999999999,-0.1348686,-0.1379002,-0.1405055999999999,-0.1432039999999999,-0.145577,-0.1482788,-0.1511492,-0.1552536,-0.1589887999999999,-0.162989,-0.1667578,-0.1705304,-0.1737388,-0.1771518,-0.180773,-0.184125,-0.1878755999999999,-0.1920983999999999,-0.1957258,-0.2004908,-0.2056594,-0.2108283999999999,-0.2172794,-0.2244166,-0.2313516,-0.2379816,-0.2441511999999999,-0.2491992,-0.2525928,-0.2543042,-0.2531438,-0.248733,-0.2407308,-0.2288864,-0.213652,-0.194236,-0.1701738,-0.1433072,-0.1122261999999999,-0.0792392,-0.0467796,-0.0188227999999999,0.0035967999999999,0.0217242,0.0316216,0.030113,0.0187688,-0.004947,-0.0322554,-0.0714124,-0.1017264
-0.0518197777777777,-0.0876505555555555,-0.1029616666666666,-0.1228189999999999,-0.1244858888888889,-0.0900993333333333,-0.0180303333333333,0.0683502222222222,0.1412202222222222,0.193136,0.2411245555555555,0.2920667777777778,0.3412403333333333,0.3818683333333333,0.4132286666666667,0.4389627777777778,0.461499,0.4792304444444444,0.4907084444444444,0.4969582222222222,0.4994611111111111,0.4980686666666666,0.4923093333333334,0.4831617777777778,0.4714561111111111,0.4582755555555555,0.4445115555555555,0.4301562222222222,0.4147054444444444,0.3979618888888889,0.3799335555555555,0.3610978888888889,0.3417987777777778,0.3217796666666666,0.3008594444444444,0.2800561111111111,0.2599933333333333,0.2399866666666666,0.2202277777777778,0.2016136666666667,0.1843246666666666,0.1681381111111111,0.1529102222222222,0.138895111111111,0.1264337777777777,0.1153483333333333,0.1053447777777777,0.0965286666666666,0.0887333333333333,0.0820207777777777,0.0764638888888888,0.0716831111111111,0.0676494444444444,0.0642072222222222,0.0611535555555555,0.0585734444444444,0.0563804444444444,0.0543993333333333,0.0527153333333333,0.0516593333333333,0.0512885555555555,0.0513181111111111,0.05199,0.0534338888888888,0.0549145555555555,0.0563155555555555,0.058434,0.0608859999999999,0.0634286666666666,0.0666472222222222,0.0701705555555555,0.0739156666666666,0.078469,0.0835402222222222,0.0890304444444444,0.0955067777777777,0.1031466666666666,0.1121085555555555,0.1229803333333333,0.1363771111111111,0.1531915555555555,0.1747765555555555,0.2012787777777777,0.2319401111111111,0.2659158888888889,0.3012143333333333,0.3353567777777778,0.3652871111111111,0.3879843333333334,0.4006997777777777,0.4000384444444445,0.3854107777777777,0.3581988888888888,0.3190196666666666,0.2677766666666667,0.20582,0.1376665555555555,0.0724251111111111,0.0159661111111111,-0.0419904444444444,-0.0680267777777777
0.0610624285714285,0.0420565714285714,-0.0012761428571428,-0.0176934285714285,0.0081888571428571,0.0317787142857142,0.0389922857142857,0.0480451428571428,0.0537655714285714,0.0560064285714285,0.0618777142857142,0.0724752857142857,0.0843927142857142,0.0961781428571428,0.1080652857142857,0.1177024285714285,0.1236464285714285,0.1267862857142857,0.1275699999999999,0.1269691428571428,0.1248051428571428,0.1201394285714285,0.1135008571428571,0.1043258571428571,0.0925822857142857,0.079197,0.0641938571428571,0.0481287142857142,0.0306151428571428,0.012783,-0.0032047142857142,-0.0177572857142857,-0.0311324285714285,-0.0437317142857142,-0.0553075714285714,-0.0663972857142857,-0.077488,-0.0878131428571428,-0.0971847142857142,-0.1059608571428571,-0.113305,-0.1192274285714285,-0.1237891428571428,-0.1270025714285714,-0.1295792857142857,-0.1310971428571428,-0.132012,-0.1327397142857142,-0.1331234285714286,-0.1334134285714285,-0.1331777142857143,-0.1325724285714285,-0.1318225714285714,-0.1309408571428571,-0.1298697142857143,-0.1285841428571428,-0.1281177142857142,-0.1288547142857143,-0.1298875714285714,-0.1322944285714285,-0.1354337142857143,-0.1389354285714285,-0.1426297142857142,-0.1466887142857142,-0.1510158571428571,-0.1555361428571428,-0.1599678571428571,-0.1643895714285714,-0.1690352857142857,-0.1739657142857142,-0.1790175714285714,-0.1841955714285714,-0.1893764285714285,-0.194548,-0.1978847142857143,-0.1991192857142857,-0.197374,-0.1918307142857143,-0.1817147142857142,-0.1666164285714285,-0.146268,-0.1206687142857142,-0.0885872857142857,-0.0499125714285714,-0.0055971428571428,0.0423775714285714,0.0919038571428571,0.1380602857142857,0.17722,0.2054554285714285,0.2179337142857143,0.2141341428571428,0.1946952857142857,0.1630365714285714,0.1223004285714285,0.0745837142857143,0.0215585714285714,-0.0352664285714285,-0.0820035714285714,-0.1320468571428571,-0.159041
-0.208518,-0.1685265,-0.031313,0.0520809999999999,0.0696519999999999,0.07241075,0.12169575,0.201499,0.2330195,0.22958925,0.2235265,0.22996975,0.24901825,0.2738595,0.2969347499999999,0.318598,0.337278,0.3500682499999999,0.35555425,0.35161025,0.33840725,0.3168525,0.28634525,0.2488325,0.20530275,0.1579425,0.10967875,0.062909,0.01847575,-0.02228125,-0.05879525,-0.09282375,-0.12363825,-0.1500305,-0.17270975,-0.19229025,-0.2091515,-0.22452125,-0.2377719999999999,-0.24799875,-0.255919,-0.261676,-0.26585825,-0.26928075,-0.27152,-0.2727745,-0.273756,-0.274303,-0.27424375,-0.27397,-0.2741415,-0.2744585,-0.27440325,-0.27494225,-0.2767535,-0.27890175,-0.28120275,-0.28393575,-0.287332,-0.29133375,-0.2951645,-0.2982325,-0.30090025,-0.30468125,-0.30927175,-0.3140145,-0.319127,-0.32437225,-0.3295495,-0.33542225,-0.3405125,-0.3429584999999999,-0.34218975,-0.33436825,-0.31660075,-0.289578,-0.25145125,-0.2017064999999999,-0.14311875,-0.07647525,-0.00350775,0.0729375,0.14931225,0.22544525,0.2993805,0.36583775,0.4210467499999999,0.46009125,0.48130075,0.48708925,0.47314025,0.440192,0.3939625,0.33945075,0.279658,0.21648525,0.1572295,0.1042195,0.057661,0.01150525,-0.02000575
-0.018854,-0.0103055,-0.016848,-0.0801608333333333,-0.1151053333333333,-0.109813,-0.0718161666666666,-0.021689,0.0145613333333333,0.0272101666666666,0.0296985,0.040416,0.0564643333333333,0.0745188333333333,0.0934336666666666,0.1111395,0.1261315,0.1384423333333333,0.1492421666666666,0.1584449999999999,0.1649238333333333,0.1684798333333333,0.1691671666666666,0.1674593333333333,0.1636108333333333,0.1582893333333333,0.1506958333333333,0.1404531666666666,0.128757,0.1153583333333333,0.0997314999999999,0.0827916666666666,0.0658168333333333,0.0486131666666666,0.0310528333333333,0.0150583333333333,0.0005378333333333,-0.0128236666666666,-0.0244658333333333,-0.0352476666666666,-0.0451903333333333,-0.054594,-0.0641333333333333,-0.0734821666666666,-0.0830455,-0.0926746666666666,-0.1018046666666666,-0.1102309999999999,-0.1179001666666666,-0.1249313333333333,-0.1311573333333333,-0.1357423333333333,-0.140225,-0.1452761666666666,-0.14986,-0.1543166666666666,-0.1585008333333333,-0.1623035,-0.1655546666666666,-0.1685613333333333,-0.1716956666666666,-0.1739085,-0.1750314999999999,-0.1754381666666666,-0.1749265,-0.1738891666666666,-0.1724461666666666,-0.1703329999999999,-0.1679731666666666,-0.1654378333333333,-0.1622333333333333,-0.1578653333333333,-0.152777,-0.1466725,-0.1391468333333333,-0.1295158333333333,-0.117448,-0.1036221666666666,-0.0876693333333333,-0.0690053333333333,-0.0481908333333333,-0.0246411666666666,0.001949,0.0311988333333333,0.0641135,0.1008928333333333,0.1392175,0.1774778333333333,0.2145743333333333,0.245997,0.2689221666666666,0.2817995,0.2816206666666667,0.26555,0.2321753333333333,0.1836501666666666,0.1250221666666666,0.0631278333333333,0.0040673333333333,-0.05113,-0.0669693333333333
-0.16992575,-0.125029,-0.0015602499999999,0.02493475,-0.04041175,-0.043314,0.0132024999999999,0.068916,0.116156,0.151409,0.18207825,0.21784575,0.250486,0.27856375,0.30528625,0.3328915,0.3600055,0.3847385,0.405891,0.4240835,0.44003425,0.45214525,0.4580975,0.459688,0.45770975,0.45105275,0.4378804999999999,0.4181247499999999,0.392564,0.3631777499999999,0.331842,0.299434,0.26680725,0.23490175,0.203287,0.17119525,0.13887525,0.1077644999999999,0.0785092499999999,0.0510855,0.02579575,0.0029502499999999,-0.0181139999999999,-0.038353,-0.057293,-0.07443425,-0.09010375,-0.1046215,-0.117829,-0.12959625,-0.139652,-0.1486782499999999,-0.1574635,-0.16508075,-0.17180275,-0.1783969999999999,-0.18424,-0.1891575,-0.19367175,-0.1979582499999999,-0.2022,-0.20668375,-0.211098,-0.2157595,-0.2212599999999999,-0.2274055,-0.233518,-0.2396525,-0.24564125,-0.25092875,-0.25493125,-0.256641,-0.2545535,-0.2465135,-0.230501,-0.205065,-0.1697495,-0.1242145,-0.06931775,-0.0063669999999999,0.06318425,0.1364445,0.2120002499999999,0.28876775,0.36382925,0.43522325,0.499258,0.55079575,0.58727125,0.6036775000000001,0.59558925,0.5628070000000001,0.5074135,0.4370532499999999,0.36104375,0.2791005,0.1984575,0.13085125,0.07722625,0.034931,0.0090812499999999
-0.02014925,-0.00435325,0.0057093749999999,-0.017195625,-0.00742175,0.0496372499999999,0.10348025,0.133011125,0.158293,0.1833109999999999,0.20739,0.234465875,0.260835375,0.2856355,0.310981375,0.3349525,0.35616625,0.38248325,0.411119125,0.438317875,0.4659985,0.492634375,0.515906375,0.5335414999999999,0.545523875,0.54989625,0.5460794999999999,0.53416425,0.513608375,0.4842795,0.44912425,0.4108429999999999,0.3720283749999999,0.333767875,0.2965523749999999,0.261172,0.227538875,0.1959725,0.166349625,0.1387835,0.113209875,0.08901875,0.0664865,0.045826375,0.0264244999999999,0.0077813749999999,-0.010034625,-0.0274314999999999,-0.043769125,-0.05926775,-0.073983125,-0.086980875,-0.0986817499999999,-0.109137125,-0.118621625,-0.127753375,-0.13657225,-0.146025625,-0.1559554999999999,-0.166310625,-0.17698325,-0.187263875,-0.1967113749999999,-0.2054861249999999,-0.213677375,-0.2209037499999999,-0.227290125,-0.232554375,-0.2369288749999999,-0.239976375,-0.24192075,-0.243354,-0.24395625,-0.2435493749999999,-0.241138375,-0.235139625,-0.2240131249999999,-0.206958375,-0.18398325,-0.154065625,-0.1177975,-0.076532125,-0.03136375,0.01755925,0.067166875,0.1152835,0.1607415,0.2000311249999999,0.229897625,0.2479327499999999,0.25284275,0.246920875,0.2293832499999999,0.2018824999999999,0.169297125,0.133789125,0.0962889999999999,0.05601875,0.0177597499999999,-0.028221,-0.062969
-0.2103067142857143,-0.3754042857142857,-0.332331,-0.1739295714285714,-0.085504,-0.1097404285714285,-0.1075555714285714,-0.0037737142857142,0.1383818571428571,0.2511574285714286,0.3169368571428571,0.3615772857142857,0.4166771428571428,0.4823732857142858,0.547239,0.6106457142857142,0.6714178571428571,0.7241171428571429,0.7633857142857142,0.7915914285714285,0.813156142857143,0.8294445714285714,0.834211,0.8242657142857143,0.7997134285714286,0.7619138571428571,0.7166191428571428,0.6689222857142857,0.621359,0.5750037142857142,0.529539,0.4847764285714285,0.4406798571428571,0.3983871428571429,0.3584804285714286,0.320123,0.2835469999999999,0.2495368571428571,0.2181491428571428,0.1887722857142857,0.1616378571428571,0.1367511428571428,0.1144205714285714,0.095037,0.0777692857142857,0.0621677142857142,0.0479755714285714,0.0350138571428571,0.0229615714285714,0.0107434285714285,-0.0012501428571428,-0.0126939999999999,-0.0239184285714285,-0.03479,-0.0451941428571428,-0.0550895714285714,-0.0651251428571428,-0.0753155714285714,-0.0850432857142857,-0.0942615714285714,-0.1027392857142857,-0.1100108571428571,-0.116016,-0.1208059999999999,-0.1241025714285714,-0.125788,-0.1260564285714285,-0.1241719999999999,-0.1198518571428571,-0.1137519999999999,-0.1062819999999999,-0.0967119999999999,-0.085225,-0.0726357142857142,-0.0585087142857142,-0.0425924285714285,-0.0249499999999999,-0.0040714285714285,0.0209872857142857,0.0513211428571428,0.0875691428571428,0.1298402857142857,0.1780187142857143,0.2300938571428571,0.2826462857142857,0.3326358571428571,0.3758751428571428,0.4085384285714286,0.4267108571428571,0.4293325714285714,0.4159705714285714,0.3886515714285714,0.3535784285714285,0.3158415714285714,0.2723792857142856,0.2188504285714285,0.1615818571428571,0.111478,0.0718977142857142,0.0434682857142857,0.0218341428571428
-0.2536605714285714,-0.2897828571428572,-0.1822132857142857,-0.0728579999999999,-0.090918,-0.1392754285714285,-0.1421641428571428,-0.0931662857142857,-0.0419674285714285,-0.0053917142857142,0.0186381428571428,0.0343548571428571,0.0466,0.0605617142857142,0.0766925714285714,0.0892842857142857,0.0969851428571428,0.1020678571428571,0.1078552857142857,0.11401,0.1191857142857142,0.1241909999999999,0.1277144285714286,0.1290375714285714,0.1284998571428571,0.1263841428571428,0.1238558571428571,0.1212192857142857,0.117959,0.1140154285714285,0.1090898571428571,0.1037299999999999,0.0981062857142857,0.0916565714285714,0.0844737142857142,0.0764228571428571,0.0674581428571428,0.0589767142857142,0.051144,0.0435027142857142,0.0368205714285714,0.0309614285714285,0.0255715714285714,0.021595,0.01924,0.0177498571428571,0.0164012857142857,0.015162,0.0148121428571428,0.0140531428571428,0.0121491428571428,0.0104818571428571,0.0089814285714285,0.0071872857142857,0.0056661428571428,0.0044887142857142,0.0033012857142857,0.0022972857142857,0.0017504285714285,0.0014072857142857,0.0004677142857142,-0.0006008571428571,-0.0011854285714285,-0.0020688571428571,-0.0030405714285714,-0.0037474285714285,-0.0043408571428571,-0.0051681428571428,-0.0058945714285714,-0.0060454285714285,-0.006173,-0.0056308571428571,-0.0047514285714285,-0.0034297142857142,-0.0001022857142857,0.0056801428571428,0.0148208571428571,0.0272302857142857,0.0430181428571428,0.062787,0.0864147142857142,0.1139672857142857,0.1455824285714285,0.1797597142857142,0.215112,0.2507744285714285,0.2844167142857142,0.3126415714285714,0.3340034285714285,0.3492631428571428,0.3558787142857142,0.3510292857142857,0.3380025714285714,0.3167981428571428,0.2856551428571428,0.2466912857142857,0.2008669999999999,0.149048,0.0951098571428571,0.044516,0.0075325714285714
-0.1624897777777777,-0.0841741111111111,0.0261788888888888,0.0232495555555555,-0.0251762222222222,0.0022641111111111,0.1007361111111111,0.1843324444444444,0.2336662222222222,0.2662279999999999,0.2997367777777778,0.3262795555555555,0.3442633333333333,0.3611942222222222,0.3819165555555555,0.4056453333333333,0.4294045555555555,0.452429,0.4749897777777778,0.4962327777777778,0.5142244444444444,0.5278275555555556,0.53618,0.5377297777777778,0.5323567777777778,0.5207833333333333,0.5027296666666667,0.4796221111111111,0.4535714444444444,0.4262953333333333,0.3987677777777778,0.3715596666666666,0.3450975555555555,0.319203,0.2942967777777778,0.2704794444444444,0.2473295555555555,0.2256252222222222,0.2061595555555555,0.1886763333333333,0.1721674444444444,0.1563982222222222,0.1421928888888889,0.1295242222222222,0.1176974444444444,0.1066783333333333,0.0968548888888888,0.0883703333333333,0.0814463333333333,0.0759605555555555,0.0713515555555555,0.0681316666666666,0.0660334444444444,0.0642725555555555,0.0630648888888888,0.0632183333333333,0.064767,0.0671808888888888,0.0700708888888888,0.0731105555555555,0.0766175555555555,0.080124,0.0831902222222222,0.0860467777777777,0.0887906666666666,0.0915304444444444,0.0941267777777777,0.0963521111111111,0.0982292222222222,0.1002417777777777,0.102759,0.1048963333333333,0.1068654444444444,0.1094953333333333,0.1130624444444444,0.1182815555555555,0.1258644444444444,0.1369345555555555,0.153386,0.1762995555555555,0.2056098888888889,0.2413292222222222,0.2834261111111111,0.3308013333333333,0.3810546666666667,0.4305346666666667,0.4754156666666667,0.512578,0.5386696666666667,0.550391,0.5469585555555556,0.5276472222222224,0.4924779999999999,0.4476548888888889,0.3965343333333333,0.3388912222222222,0.2811197777777778,0.2267594444444444,0.1748608888888888,0.1288677777777777,0.0906377777777777
-0.1439423999999999,-0.1647882999999999,-0.1198472,-0.1139912999999999,-0.1401589,-0.1577331,-0.1416089,-0.1013341,-0.0726300999999999,-0.0732278,-0.0957885,-0.1205728,-0.1368543,-0.1411349,-0.1349472,-0.1233925999999999,-0.1110003,-0.0981577,-0.0844119999999999,-0.0694711,-0.0536467,-0.0367436,-0.0196697,-0.0049165,0.0059557,0.0119013,0.0132062,0.0113855,0.0076393,0.0021958999999999,-0.0038190999999999,-0.0104339,-0.0179421,-0.0259914,-0.0340942,-0.0421914,-0.0499885,-0.0567859999999999,-0.0628719,-0.0686948,-0.073179,-0.0761215,-0.0780642,-0.0788657999999999,-0.0785418,-0.0779636,-0.0778384,-0.0780125,-0.0787150999999999,-0.0803821999999999,-0.083011,-0.0866059999999999,-0.0904465,-0.094627,-0.0994089,-0.1040906999999999,-0.1089566,-0.1142488,-0.1193514,-0.1241369,-0.1287209,-0.1331747999999999,-0.1368701,-0.1401673999999999,-0.1442324,-0.1487187,-0.1529328999999999,-0.157526,-0.1629221999999999,-0.1691065,-0.1754137,-0.1822574,-0.1895038,-0.1956258,-0.1999159,-0.2012295,-0.1973115,-0.1869702999999999,-0.1686795,-0.140795,-0.1028424,-0.0544141999999999,0.0033063,0.0680019999999999,0.1366308999999999,0.2044658,0.2666271999999999,0.3192137,0.3579166,0.3793893,0.3828806,0.3698432,0.341317,0.2994401,0.250766,0.195889,0.1401364999999999,0.0904953,0.0452886,0.0061046,-0.0167942999999999
-0.2441688571428571,-0.3030891428571428,-0.1732121428571428,-0.1175252857142857,-0.2068348571428571,-0.2572217142857143,-0.211282,-0.1324378571428571,-0.1027204285714285,-0.1350601428571428,-0.1729448571428571,-0.2038804285714285,-0.2221472857142857,-0.2241357142857142,-0.2132411428571428,-0.197513,-0.1781367142857143,-0.155651,-0.132034,-0.1104851428571428,-0.0914722857142857,-0.0727191428571428,-0.0536761428571428,-0.0342191428571428,-0.0146871428571428,0.0030458571428571,0.0175298571428571,0.0283432857142857,0.0351331428571428,0.0379061428571428,0.0377977142857142,0.0362697142857142,0.0335144285714285,0.030167,0.0268855714285714,0.0234999999999999,0.0197621428571428,0.0159891428571428,0.0128671428571428,0.0100834285714285,0.0076567142857142,0.0055879999999999,0.0033355714285714,0.0007741428571428,-0.0018331428571428,-0.0047452857142857,-0.0079101428571428,-0.0115028571428571,-0.0163747142857142,-0.022508,-0.0290548571428571,-0.0357587142857142,-0.0437008571428571,-0.0532082857142857,-0.063581,-0.075074,-0.086959,-0.0989552857142857,-0.1112564285714285,-0.1238574285714285,-0.1369591428571428,-0.1501037142857142,-0.1635667142857143,-0.1776204285714285,-0.1916625714285714,-0.2048619999999999,-0.2180271428571429,-0.2304342857142857,-0.2411442857142856,-0.2508762857142857,-0.2590889999999999,-0.264717,-0.2664618571428571,-0.2626691428571429,-0.2519577142857143,-0.2337557142857143,-0.2069901428571428,-0.1707418571428571,-0.1248285714285714,-0.0686721428571428,-0.0039042857142857,0.0670595714285714,0.141374,0.2140764285714285,0.2804955714285714,0.3347747142857143,0.3716815714285714,0.3903698571428572,0.3905052857142857,0.3759884285714286,0.350331,0.3162005714285714,0.2783447142857143,0.2392744285714285,0.201053,0.1646879999999999,0.1304894285714286,0.1018132857142857,0.079137,0.0533437142857142,0.0214774285714285
-0.0585708,-0.0584576,-0.0228323,-0.0185790999999999,-0.0030705999999999,0.0341329,0.1099653,0.2110514,0.2972854,0.3446021,0.3796073,0.4176545,0.4558201999999999,0.4967292,0.5378858,0.5774050999999999,0.6162449000000001,0.6537421000000001,0.6851649,0.7047947,0.7094281,0.6977392000000001,0.6692861999999999,0.6263133000000001,0.5714182000000001,0.5080032000000001,0.4399084999999999,0.3705905,0.3023438,0.2373374,0.1766696,0.1204532999999999,0.0694336,0.0242862,-0.0149787,-0.0487182,-0.0769167999999999,-0.0998066,-0.1181549999999999,-0.1324702,-0.1440989,-0.1529047,-0.1589239999999999,-0.1632204,-0.1659367,-0.1669281,-0.1662461,-0.1646781,-0.1631855,-0.1616778,-0.1593233,-0.156432,-0.1535251,-0.1511476,-0.1496477,-0.148765,-0.1486271,-0.1493117,-0.1503146,-0.1520193999999999,-0.1544805,-0.1572015,-0.160252,-0.1631178,-0.1659154,-0.1693447,-0.1732916,-0.1779023,-0.1834598,-0.1902656,-0.1991888999999999,-0.2104086999999999,-0.2236615999999999,-0.2383586999999999,-0.2531292,-0.2656601,-0.2735672,-0.2739599,-0.2635407999999999,-0.2399112,-0.2017919,-0.1486172,-0.0814804,-0.0037708999999999,0.0816813999999999,0.1710644999999999,0.2585175,0.3393823,0.4085456,0.4612983,0.4945334,0.5057184,0.4961839999999999,0.4674935999999999,0.4198182,0.3639620999999999,0.304629,0.2389771,0.1711585,0.104396,0.0473416
-0.030958875,-0.0509337499999999,-0.030187,-0.038185375,-0.063676625,-0.0539889999999999,0.023607125,0.08275325,0.087281125,0.0821485,0.0868584999999999,0.091896625,0.110768125,0.154533,0.201821125,0.2465632499999999,0.289686,0.327885625,0.362149875,0.392993125,0.417218125,0.4338467499999999,0.44112975,0.438948125,0.4276945,0.406223875,0.375043125,0.337209625,0.296552125,0.25543325,0.2165073749999999,0.180895,0.148901375,0.12046075,0.095001375,0.072479375,0.05267225,0.03466375,0.01786525,0.0022915,-0.0125329999999999,-0.026641,-0.040291625,-0.0544045,-0.068409,-0.081918625,-0.095205375,-0.1078773749999999,-0.1199443749999999,-0.13158675,-0.1431806249999999,-0.15521425,-0.167354125,-0.179819875,-0.19138075,-0.203105625,-0.21518925,-0.2267492499999999,-0.2378165,-0.2484091249999999,-0.257834125,-0.2668112499999999,-0.2754175,-0.2836225,-0.292308375,-0.30089925,-0.310683125,-0.3214785,-0.33299425,-0.345179,-0.3565784999999999,-0.36599925,-0.372119875,-0.3728953749999999,-0.3671188749999999,-0.3546439999999999,-0.33452725,-0.30627125,-0.2720145,-0.231009625,-0.184309125,-0.13429475,-0.0818382499999999,-0.028396375,0.024284,0.0762569999999999,0.126922625,0.1721985,0.207812375,0.2293132499999999,0.2322329999999999,0.21644925,0.18433,0.13920275,0.085819125,0.03187975,-0.01682825,-0.0636377499999999,-0.09792075,-0.126662375,-0.130350625
-0.1175403999999999,-0.198839,-0.153576,-0.1204911999999999,-0.1815741,-0.2652845,-0.2469737,-0.1484159,-0.0956884,-0.1649382,-0.2188098,-0.2315699999999999,-0.2365538999999999,-0.2362747999999999,-0.2285478,-0.2208769999999999,-0.2176527999999999,-0.21761,-0.2201169,-0.2258739,-0.2362398,-0.2507203,-0.2664717,-0.2808473999999999,-0.2933749,-0.3045197999999999,-0.3144878,-0.3229436,-0.3303885,-0.3366954,-0.3418165000000001,-0.3452312,-0.346406,-0.3448240999999999,-0.3408350999999999,-0.334189,-0.3250370999999999,-0.3146405,-0.3042769,-0.2950513,-0.2877092,-0.2812297,-0.2761754,-0.2719374,-0.2681452,-0.2657329,-0.2637680999999999,-0.2621821,-0.2608837,-0.2601495,-0.2602519,-0.2612867,-0.263802,-0.2673098,-0.2716177,-0.2762301,-0.280965,-0.2851975,-0.2889707999999999,-0.2922113,-0.2947921999999999,-0.2967531,-0.2978677,-0.2984324,-0.2984377,-0.2979843,-0.2976504,-0.2971215,-0.2966582,-0.2959941,-0.2951011,-0.2936248,-0.2913294999999999,-0.2883204,-0.2830229,-0.275236,-0.2645909999999999,-0.2505375999999999,-0.2316211,-0.2068624999999999,-0.1761546,-0.1385842,-0.0941328999999999,-0.0435058,0.0116123,0.0698727999999999,0.1280416,0.180178,0.221975,0.2492556,0.2601348999999999,0.2565895,0.2403712999999999,0.2176893999999999,0.195093,0.1679632999999999,0.1347577999999999,0.1006659,0.0675941,0.0344958,0.0007000999999999
-0.1687844285714285,-0.167061,-0.0966845714285714,-0.0852114285714285,-0.1151295714285714,-0.1007468571428571,-0.0246621428571428,0.0645422857142857,0.1209458571428571,0.1551888571428571,0.1823115714285714,0.205694,0.2275397142857143,0.2541204285714286,0.2829661428571429,0.3053904285714285,0.3217578571428571,0.3399478571428571,0.3574062857142857,0.3717252857142857,0.3818998571428572,0.3850989999999999,0.3814318571428571,0.3717967142857143,0.3576459999999999,0.339479,0.3181438571428571,0.2947558571428571,0.2698982857142857,0.2435357142857142,0.215971,0.1879939999999999,0.1604245714285714,0.1330618571428571,0.106611,0.081712,0.0576497142857142,0.0344452857142857,0.0122571428571428,-0.0088345714285714,-0.0287398571428571,-0.0480078571428571,-0.0670474285714285,-0.0858377142857142,-0.1041587142857142,-0.1213225714285714,-0.1376905714285714,-0.15316,-0.1667974285714286,-0.1792548571428571,-0.1914508571428571,-0.2036725714285714,-0.2155165714285714,-0.2268694285714285,-0.237833,-0.2479585714285714,-0.2569991428571428,-0.2649422857142857,-0.2718328571428571,-0.2776994285714286,-0.282873,-0.28738,-0.291055,-0.2944064285714285,-0.2977061428571428,-0.300413,-0.3033447142857143,-0.3065621428571429,-0.3094951428571428,-0.3122865714285714,-0.3150889999999999,-0.3176097142857143,-0.3194454285714286,-0.3204471428571428,-0.320096,-0.3171111428571428,-0.3106745714285714,-0.2998702857142857,-0.2850758571428571,-0.2666409999999999,-0.24299,-0.2145798571428571,-0.1820565714285714,-0.1458092857142857,-0.1068292857142857,-0.0662739999999999,-0.0267334285714285,0.0089827142857142,0.0400342857142857,0.0667461428571428,0.0885427142857142,0.1047927142857142,0.1167005714285714,0.1250572857142857,0.1283264285714285,0.1264824285714285,0.118409,0.1004762857142857,0.0707684285714285,0.0371222857142857,0.0107122857142857
-0.0450127142857142,-0.0418237142857142,-0.0601091428571428,-0.125547,-0.1341792857142857,-0.0907531428571428,-0.0913778571428571,-0.0952678571428571,-0.0886618571428571,-0.0761187142857142,-0.0551728571428571,-0.0313328571428571,-0.0091594285714285,0.0114344285714285,0.0300947142857142,0.0480598571428571,0.0643964285714285,0.0786934285714285,0.090299,0.096883,0.097984,0.0933714285714285,0.0830752857142857,0.0691455714285714,0.0531844285714285,0.0364448571428571,0.0200157142857142,0.0047392857142857,-0.0091129999999999,-0.0199057142857142,-0.0269205714285714,-0.0311241428571428,-0.0325182857142857,-0.030337,-0.025137,-0.0188301428571428,-0.0119294285714285,-0.0040538571428571,0.0030084285714285,0.0109018571428571,0.0189517142857142,0.0278717142857142,0.0352277142857142,0.040796,0.0451924285714285,0.045971,0.0445907142857142,0.0411075714285714,0.0354492857142857,0.0276604285714285,0.0178558571428571,0.0073182857142857,-0.0042994285714285,-0.0169997142857142,-0.0302302857142857,-0.0448518571428571,-0.0593781428571428,-0.0741324285714285,-0.0888041428571428,-0.1032459999999999,-0.1175297142857142,-0.1307052857142857,-0.1426911428571428,-0.1533788571428571,-0.1624004285714285,-0.1705441428571428,-0.1778328571428571,-0.1838848571428571,-0.1891411428571428,-0.1938957142857142,-0.1975371428571428,-0.2006662857142857,-0.2033695714285714,-0.2062965714285714,-0.2092232857142857,-0.2115815714285714,-0.2135875714285714,-0.2147968571428571,-0.2141055714285714,-0.2095085714285714,-0.2010908571428571,-0.1868081428571428,-0.1667441428571428,-0.1414405714285714,-0.1126432857142857,-0.0796435714285714,-0.0460924285714285,-0.012887,0.0173787142857142,0.0429505714285714,0.0609574285714285,0.0657597142857143,0.0568852857142857,0.0368684285714285,0.0089067142857142,-0.0247402857142857,-0.0585625714285714,-0.0878941428571428,-0.1147127142857142,-0.1365778571428571,-0.1467587142857143
-0.089450125,-0.0865095,-0.04626425,-0.041177375,-0.040670125,-0.03577725,-0.0123685,0.039681375,0.1025679999999999,0.146164875,0.1709085,0.1950941249999999,0.223752875,0.253307,0.281615125,0.3077753749999999,0.330381375,0.3481766250000001,0.359841125,0.364840625,0.36461125,0.35991925,0.350899375,0.3382013749999999,0.323272,0.3066994999999999,0.28935075,0.2714749999999999,0.253198125,0.234618,0.21498775,0.1948468749999999,0.1740408749999999,0.1527427499999999,0.131312625,0.109522125,0.0885532499999999,0.0686625,0.0499268749999999,0.032489875,0.016713625,0.0027109999999999,-0.009454875,-0.02045425,-0.0301797499999999,-0.038820625,-0.0473455,-0.0554947499999999,-0.064104625,-0.073322625,-0.082565375,-0.09220325,-0.1017415,-0.1114045,-0.121028,-0.13041925,-0.140109375,-0.14971125,-0.158585,-0.16707275,-0.174934,-0.18210925,-0.188893625,-0.1950559999999999,-0.20013025,-0.2040742499999999,-0.20736675,-0.21033175,-0.213707125,-0.2173169999999999,-0.220946875,-0.2257775,-0.232095375,-0.23888375,-0.2445744999999999,-0.247614,-0.2463535,-0.2390706249999999,-0.22359825,-0.1987336249999999,-0.1635242499999999,-0.11839325,-0.0647885,-0.0037251249999999,0.062427,0.1308693749999999,0.197818875,0.258771375,0.309993625,0.346744375,0.3651626249999999,0.364351375,0.346477875,0.31432025,0.271648,0.2234162499999999,0.1743354999999999,0.129156375,0.08486175,0.043023125,0.009498125
-0.0733326666666666,-0.1020531666666666,-0.0741401666666666,-0.1120665,-0.2062076666666666,-0.2080545,-0.144804,-0.1205315,-0.1594015,-0.1783526666666666,-0.1916323333333333,-0.2108508333333333,-0.230358,-0.2446095,-0.2548003333333333,-0.261744,-0.2646125,-0.2640171666666667,-0.2611928333333334,-0.2575331666666666,-0.2542201666666667,-0.252546,-0.2536181666666666,-0.2579465,-0.2650833333333333,-0.27441,-0.2860301666666666,-0.3001063333333333,-0.3157983333333333,-0.3322198333333333,-0.34859,-0.3629891666666667,-0.3740206666666667,-0.3811148333333333,-0.3843334999999999,-0.3829174999999999,-0.3775911666666667,-0.3686803333333333,-0.3565998333333333,-0.3427163333333333,-0.3277331666666667,-0.3125148333333333,-0.297834,-0.2846463333333333,-0.2725583333333333,-0.261536,-0.2523095,-0.2448706666666666,-0.238923,-0.2336816666666666,-0.2288328333333333,-0.2251939999999999,-0.2216163333333333,-0.2178193333333333,-0.2144775,-0.2114593333333333,-0.208168,-0.2051688333333333,-0.2022058333333333,-0.1993023333333333,-0.1975146666666667,-0.1959955,-0.1946068333333333,-0.1940753333333333,-0.1935124999999999,-0.192822,-0.1930056666666666,-0.1935973333333333,-0.1940943333333333,-0.1942288333333333,-0.1933568333333333,-0.19202,-0.1902625,-0.1873323333333333,-0.1831126666666666,-0.1776403333333333,-0.170224,-0.1608933333333333,-0.1494451666666666,-0.1349985,-0.1179188333333333,-0.0990254999999999,-0.0768408333333333,-0.0501681666666666,-0.0210931666666666,0.0115596666666666,0.0472195,0.0828061666666666,0.1147963333333333,0.1405705,0.1574693333333333,0.1640415,0.1603243333333333,0.1478928333333333,0.1270656666666666,0.1005966666666666,0.0710633333333333,0.0403598333333333,0.010245,-0.0172741666666666,-0.0284013333333333
-0.1570524444444444,-0.1361968888888889,-0.0567081111111111,-0.0461155555555555,-0.0684006666666666,-0.0511995555555555,0.026772,0.13177,0.212273111111111,0.2545928888888888,0.2756866666666667,0.2948948888888889,0.3175224444444444,0.3398105555555555,0.359186,0.3757264444444445,0.3896946666666667,0.4013847777777777,0.4124555555555556,0.4232337777777777,0.4340727777777778,0.4439021111111111,0.4501008888888889,0.4508796666666667,0.4454935555555555,0.433196111111111,0.415285,0.3932128888888889,0.3671458888888888,0.337912,0.3068831111111111,0.2746173333333332,0.2418068888888888,0.2092465555555555,0.1768764444444444,0.1452876666666666,0.1153933333333333,0.0873657777777777,0.0611994444444444,0.0374546666666666,0.0160765555555555,-0.0034326666666666,-0.0216084444444444,-0.0384243333333333,-0.0535826666666666,-0.0674512222222222,-0.0803284444444444,-0.0923821111111111,-0.1033393333333333,-0.1131882222222221,-0.1225465555555555,-0.1312116666666666,-0.1389817777777777,-0.1467222222222222,-0.1545237777777777,-0.1620898888888889,-0.1695322222222222,-0.1772924444444444,-0.1856555555555555,-0.1942986666666666,-0.2032536666666666,-0.2127409999999999,-0.2222754444444444,-0.2312703333333333,-0.2397932222222222,-0.2481515555555555,-0.2561718888888888,-0.2636644444444445,-0.2703882222222222,-0.2760593333333333,-0.2800575555555555,-0.2823084444444445,-0.2830802222222222,-0.2823211111111111,-0.2793394444444444,-0.2733196666666667,-0.2635893333333333,-0.2487674444444444,-0.2280488888888889,-0.2003712222222222,-0.1648279999999999,-0.1208442222222222,-0.0683945555555555,-0.0083974444444444,0.0578496666666666,0.1280703333333333,0.199709,0.2681617777777778,0.327504,0.3726585555555555,0.398965,0.4028015555555555,0.383936,0.3456997777777777,0.2908545555555555,0.2195977777777777,0.1326986666666666,0.0424674444444444,-0.03575,-0.1308806666666666,-0.1766253333333333
-0.1854103333333333,-0.0586815555555555,0.0290262222222222,-0.0619231111111111,-0.1228776666666666,-0.0352551111111111,0.0787655555555555,0.1393105555555555,0.1553544444444444,0.1643981111111111,0.171894,0.176059,0.1775224444444444,0.1791152222222222,0.183625,0.189708111111111,0.2001928888888889,0.2145146666666666,0.2290605555555555,0.2416662222222222,0.249961,0.2517267777777778,0.2470583333333332,0.2359203333333333,0.2187465555555555,0.1972557777777778,0.173613,0.1500822222222222,0.1275132222222222,0.1059846666666666,0.0863581111111111,0.068653,0.0530827777777777,0.0397191111111111,0.0282094444444444,0.0186185555555555,0.0110187777777777,0.0045776666666666,-0.0006446666666666,-0.0044835555555555,-0.007848,-0.0109606666666666,-0.0136236666666666,-0.0166286666666666,-0.0197836666666666,-0.0228335555555555,-0.0263407777777777,-0.0304572222222222,-0.0359638888888888,-0.0419834444444444,-0.0481187777777777,-0.0553081111111111,-0.0626022222222222,-0.0695494444444444,-0.076561,-0.0835564444444444,-0.0901734444444444,-0.0970618888888888,-0.1044275555555555,-0.1120234444444444,-0.1196644444444444,-0.1273857777777777,-0.1354887777777777,-0.143474,-0.1513027777777777,-0.1592122222222222,-0.1673624444444444,-0.1760113333333333,-0.1854413333333333,-0.1955271111111111,-0.2065781111111111,-0.2189014444444444,-0.2317184444444444,-0.2442083333333333,-0.2542374444444444,-0.2607219999999999,-0.2626033333333333,-0.2577032222222222,-0.2447336666666667,-0.221682,-0.1878658888888889,-0.143787,-0.0902104444444444,-0.0288322222222222,0.0378491111111111,0.1070776666666666,0.1756425555555555,0.240114,0.2968016666666666,0.3400336666666666,0.3644336666666666,0.3649411111111111,0.3407068888888889,0.2947136666666667,0.2293567777777777,0.1521707777777777,0.0765524444444444,0.0056208888888888,-0.0563592222222222,-0.1295063333333333,-0.1729931111111111
-0.0312018571428571,-0.0061134285714285,0.0413694285714285,0.0473095714285714,0.0434004285714285,0.0525344285714285,0.1085951428571428,0.1845605714285714,0.2438942857142857,0.284133857142857,0.3221528571428571,0.3618655714285714,0.4043747142857142,0.447106,0.4878245714285714,0.526221,0.5608578571428572,0.5890657142857142,0.608962,0.6202678571428571,0.6247584285714286,0.622993,0.6153314285714285,0.6029235714285714,0.5868768571428572,0.5684811428571429,0.5483504285714286,0.5263445714285714,0.5033204285714287,0.4797075714285714,0.4563551428571428,0.4336087142857142,0.4115908571428571,0.3905442857142857,0.3699927142857143,0.3504598571428571,0.3323517142857143,0.3148287142857143,0.2981201428571428,0.2821844285714285,0.2666854285714286,0.2517862857142857,0.2367685714285714,0.2216707142857143,0.2062357142857142,0.1904164285714285,0.174505,0.1584187142857143,0.1425607142857143,0.12707,0.1118432857142857,0.0972447142857142,0.082748,0.0688118571428571,0.0554051428571428,0.0425977142857142,0.03043,0.0187712857142857,0.0079065714285714,-0.0032177142857142,-0.0149215714285714,-0.0264558571428571,-0.0374812857142857,-0.0479718571428571,-0.0580258571428571,-0.0679445714285714,-0.0770228571428571,-0.0858365714285714,-0.0943855714285714,-0.1020022857142857,-0.1084218571428571,-0.1122794285714285,-0.1110627142857142,-0.1029007142857142,-0.0858961428571428,-0.0585172857142857,-0.0194197142857142,0.0308967142857142,0.0900434285714285,0.1575538571428571,0.2305102857142857,0.3068065714285714,0.3845328571428571,0.460975,0.5329925714285715,0.5988204285714286,0.6555614285714286,0.6975912857142857,0.7225814285714284,0.7274651428571428,0.7114275714285714,0.6757768571428572,0.6238602857142858,0.5598637142857144,0.4901042857142857,0.4182028571428571,0.3406934285714285,0.2682529999999999,0.1980147142857143,0.1309522857142857,0.0726948571428571
-0.066829,-0.0576768571428571,-0.0035788571428571,0.0030985714285714,-0.0266009999999999,-0.0601725714285714,-0.0255731428571428,0.0456398571428571,0.0923588571428571,0.108497,0.1349968571428571,0.1743997142857142,0.2154731428571428,0.2576094285714286,0.3062904285714286,0.3606644285714285,0.4170497142857142,0.4709194285714285,0.5197942857142858,0.5653057142857143,0.6090684285714286,0.6481484285714286,0.6776310000000001,0.6946581428571428,0.6998127142857143,0.6974128571428572,0.6884649999999999,0.6734254285714286,0.6545184285714285,0.6315611428571428,0.6050708571428572,0.5763269999999999,0.5461262857142857,0.5152340000000001,0.484017,0.4532299999999999,0.4230822857142856,0.3933595714285714,0.3640677142857143,0.3348272857142857,0.3061574285714285,0.2773738571428571,0.2483984285714285,0.2199257142857143,0.1921479999999999,0.1653138571428571,0.1393574285714285,0.1151362857142857,0.0926078571428571,0.0712042857142857,0.0513435714285714,0.0328757142857142,0.0154914285714285,-0.0007375714285714,-0.014956,-0.027389,-0.0389087142857142,-0.0489854285714285,-0.0574025714285714,-0.0645317142857142,-0.07041,-0.0751617142857142,-0.0792605714285714,-0.0829654285714285,-0.0860261428571428,-0.0889804285714285,-0.0921371428571428,-0.0956028571428571,-0.0996342857142857,-0.1047494285714285,-0.1109501428571428,-0.1177254285714285,-0.1246268571428571,-0.130032,-0.1310484285714285,-0.1256731428571428,-0.110985,-0.0841821428571428,-0.0447494285714285,0.0068798571428571,0.069515,0.14098,0.2187665714285714,0.3001125714285714,0.3822548571428572,0.4614035714285714,0.5331722857142858,0.5921524285714286,0.6337372857142858,0.6542897142857144,0.6499691428571428,0.6190965714285716,0.5632604285714286,0.4907778571428571,0.4096427142857143,0.3259067142857143,0.2449551428571428,0.1687124285714285,0.1035697142857142,0.0459318571428571,0.0006477142857142
